mean_theta,mean_qz,mean_I,mean_theta,mean_qz,mean_I,mean_theta,mean_qz,mean_I,mean_theta,mean_qz,mean_I,mean_theta,mean_qz,mean_I,mean_theta,mean_qz,mean_I,mean_theta,mean_qz,mean_I,mean_theta,mean_qz,mean_I,mean_theta,mean_qz,mean_I,mean_theta,mean_qz,mean_I,mean_theta,mean_qz,mean_I,mean_theta,mean_qz,mean_I,mean_theta,mean_qz,mean_I,mean_theta,mean_qz,mean_I,mean_theta,mean_qz,mean_I,mean_theta,mean_qz,mean_I,mean_theta,mean_qz,mean_I,mean_theta,mean_qz,mean_I,mean_theta,mean_qz,mean_I,mean_theta,mean_qz,mean_I,mean_theta,mean_qz,mean_I,mean_theta,mean_qz,mean_I,mean_theta,mean_qz,mean_I,mean_theta,mean_qz,mean_I,mean_theta,mean_qz,mean_I,mean_theta,mean_qz,mean_I
-30,-0.005119088,0.000245536,-30,-0.007785775,4.17E-05,-30,-0.010405284,0.000346703,-30,-0.013021622,3.10E-05,-30,-0.015679729,3.50E-05,-30,-0.0182907,3.45E-05,-30,-0.020898419,5.88E-05,-30,-0.023525747,3.16E-05,-30,-0.026150187,3.93E-05,-30,-0.028749277,3.26E-05,-30,-0.031301949,3.42E-05,-30,-0.033939728,3.22E-05,-30,-0.036530216,3.41E-05,-30,-0.039162107,3.48E-05,-30,-0.04165968,3.21E-05,-30,-0.044241593,3.38E-05,-30,-0.046821076,3.34E-05,-30,-0.049441322,3.25E-05,-30,-0.051970949,3.10E-05,-30,-0.054585322,3.41E-05,-30,-0.057109729,3.30E-05,-30,-0.059652602,3.43E-05,-30,-0.062236481,3.46E-05,-30,nan,nan,-30,nan,nan,-30,nan,nan
-29.5,-0.004996841,0.000219349,-29.5,-0.007622617,3.77E-05,-29.5,-0.010201881,0.000456999,-29.5,-0.012777965,3.02E-05,-29.5,-0.015351528,3.41E-05,-29.5,-0.017921889,3.37E-05,-29.5,-0.020489733,5.87E-05,-29.5,-0.023054362,3.26E-05,-29.5,-0.025616473,3.82E-05,-29.5,-0.028153687,3.19E-05,-29.5,-0.030688427,3.38E-05,-29.5,-0.033241979,3.20E-05,-29.5,-0.035792268,3.10E-05,-29.5,-0.038383206,3.21E-05,-29.5,-0.04081992,3.01E-05,-29.5,-0.043340477,3.30E-05,-29.5,-0.045879318,3.42E-05,-29.5,-0.048458597,3.16E-05,-29.5,-0.050948691,2.97E-05,-29.5,-0.053479216,3.34E-05,-29.5,-0.055963959,3.24E-05,-29.5,-0.058445659,3.14E-05,-29.5,-0.060967574,3.24E-05,-29.5,nan,nan,-29.5,nan,nan,-29.5,nan,nan
-29,-0.004918678,0.000266389,-29,-0.007460244,3.51E-05,-29,-0.00999879,0.00050565,-29,-0.012491748,3.27E-05,-29,-0.015067796,5.37E-05,-29,-0.017554824,3.30E-05,-29,-0.020039415,5.09E-05,-29,-0.022564004,3.19E-05,-29,-0.025128114,3.59E-05,-29,-0.027561483,3.14E-05,-29,-0.030077477,3.23E-05,-29,-0.03254769,3.35E-05,-29,-0.035057862,2.83E-05,-29,-0.03756523,3.22E-05,-29,-0.039984613,3.48E-05,-29,-0.042486104,3.51E-05,-29,-0.044942549,3.47E-05,-29,-0.047480733,3.36E-05,-29,-0.049888797,3.30E-05,-29,-0.05240002,3.14E-05,-29,-0.054824037,3.06E-05,-29,-0.057265869,3.24E-05,-29,-0.059747354,3.12E-05,-29,nan,nan,-29,nan,nan,-29,nan,nan
-28.5,-0.004797732,0.000244305,-28.5,-0.007298681,3.57E-05,-28.5,-0.00979676,0.000713949,-28.5,-0.012249597,3.74E-05,-28.5,-0.01474208,7.02E-05,-28.5,-0.017189177,3.29E-05,-28.5,-0.019633818,4.93E-05,-28.5,-0.022117395,3.22E-05,-28.5,-0.024598418,3.18E-05,-28.5,-0.026992255,3.16E-05,-28.5,-0.029425655,3.41E-05,-28.5,-0.031897779,3.21E-05,-28.5,-0.034367344,3.57E-05,-28.5,-0.036791875,3.45E-05,-28.5,-0.03917221,3.10E-05,-28.5,-0.041591447,3.33E-05,-28.5,-0.044007639,3.28E-05,-28.5,-0.046504474,3.28E-05,-28.5,-0.048873319,3.17E-05,-28.5,-0.051322772,3.21E-05,-28.5,-0.05368606,3.36E-05,-28.5,-0.056046978,3.28E-05,-28.5,-0.058487476,3.25E-05,-28.5,nan,nan,-28.5,nan,nan,-28.5,nan,nan
-28,-0.004719594,0.000326782,-28,-0.007179612,3.38E-05,-28,-0.009595199,0.000777401,-28,-0.012007895,3.37E-05,-28,-0.014417825,6.94E-05,-28,-0.016824984,3.46E-05,-28,-0.019229303,4.79E-05,-28,-0.021672233,3.21E-05,-28,-0.024070883,3.17E-05,-28,-0.026425486,3.37E-05,-28,-0.028818488,3.46E-05,-28,-0.031208855,3.33E-05,-28,-0.033637352,3.32E-05,-28,-0.036022028,3.24E-05,-28,-0.038321548,3.17E-05,-28,-0.040700736,3.11E-05,-28,-0.04307677,3.23E-05,-28,-0.045491188,3.49E-05,-28,-0.04782066,3.12E-05,-28,-0.050229308,3.15E-05,-28,-0.052553198,3.27E-05,-28,-0.054874671,3.54E-05,-28,-0.057274364,2.93E-05,-28,nan,nan,-28,nan,nan,-28,nan,nan
-27.5,-0.004599926,0.000250637,-27.5,-0.007019021,3.26E-05,-27.5,-0.009394135,0.000884051,-27.5,-0.011725787,3.33E-05,-27.5,-0.014136435,9.36E-05,-27.5,-0.016503066,3.37E-05,-27.5,-0.018826477,4.91E-05,-27.5,-0.021187516,3.26E-05,-27.5,-0.0235867,3.85E-05,-27.5,-0.025901457,3.26E-05,-27.5,-0.028213818,3.20E-05,-27.5,-0.030563599,3.13E-05,-27.5,-0.032910885,3.30E-05,-27.5,-0.035255348,3.39E-05,-27.5,-0.037515925,2.88E-05,-27.5,-0.039854807,3.24E-05,-27.5,-0.042150241,3.17E-05,-27.5,-0.044563877,3.35E-05,-27.5,-0.046813522,2.90E-05,-27.5,-0.049181166,2.91E-05,-27.5,-0.051425353,3.24E-05,-27.5,-0.053707238,3.31E-05,-27.5,-0.056066277,3.18E-05,-27.5,nan,nan,-27.5,nan,nan,-27.5,nan,nan
-27,-0.004521699,0.000294091,-27,-0.006859289,3.64E-05,-27,-0.009194069,0.000925172,-27,-0.011485755,3.23E-05,-27,-0.013815054,0.000114442,-27,-0.016141205,3.26E-05,-27,-0.018424818,5.62E-05,-27,-0.020745354,3.48E-05,-27,-0.023063385,4.53E-05,-27,-0.025338708,3.37E-05,-27,-0.027610926,3.52E-05,-27,-0.029920551,3.01E-05,-27,-0.032226972,3.04E-05,-27,-0.034530905,3.25E-05,-27,-0.036712698,3.27E-05,-27,-0.039011077,3.10E-05,-27,-0.041267063,3.43E-05,-27,-0.043598913,3.22E-05,-27,-0.045809831,3.06E-05,-27,-0.048135915,3.09E-05,-27,-0.050341352,3.46E-05,-27,-0.052583054,3.27E-05,-27,-0.054861606,3.33E-05,-27,nan,nan,-27,nan,nan,-27,nan,nan
-26.5,-0.004403501,0.000289765,-26.5,-0.006700432,3.26E-05,-26.5,-0.008994385,0.000915657,-26.5,-0.011246246,3.58E-05,-26.5,-0.013534847,0.000108743,-26.5,-0.015780914,3.24E-05,-26.5,-0.018024556,5.80E-05,-26.5,-0.020304619,3.15E-05,-26.5,-0.022581748,4.69E-05,-26.5,-0.02477788,3.19E-05,-26.5,-0.027010133,3.45E-05,-26.5,-0.029279078,3.20E-05,-26.5,-0.031506137,2.96E-05,-26.5,-0.033769049,2.98E-05,-26.5,-0.035912646,3.19E-05,-26.5,-0.038170366,3.18E-05,-26.5,-0.040347137,3.23E-05,-26.5,-0.042638017,3.10E-05,-26.5,-0.04480969,2.94E-05,-26.5,-0.047055687,3.24E-05,-26.5,-0.049221904,3.29E-05,-26.5,-0.05142365,3.20E-05,-26.5,-0.053661559,3.19E-05,-26.5,nan,nan,-26.5,nan,nan,-26.5,nan,nan
-26,-0.004325479,0.000304604,-26,-0.006581351,3.52E-05,-26,-0.008795847,0.00095034,-26,-0.011007296,3.24E-05,-26,-0.013216018,9.54E-05,-26,-0.015422,3.26E-05,-26,-0.017625448,5.05E-05,-26,-0.019864486,3.35E-05,-26,-0.022062145,3.65E-05,-26,-0.024237807,3.02E-05,-26,-0.026410954,3.14E-05,-26,-0.028600367,3.20E-05,-26,-0.030825354,3.25E-05,-26,-0.033009187,3.33E-05,-26,-0.03513289,3.29E-05,-26,-0.037330527,3.20E-05,-26,-0.039467936,3.24E-05,-26,-0.04171695,3.31E-05,-26,-0.043829829,3.24E-05,-26,-0.046035239,3.42E-05,-26,-0.048142713,3.16E-05,-26,-0.050304396,3.33E-05,-26,-0.052463291,3.22E-05,-26,-0.054562864,3.16E-05,-26,nan,nan,-26,nan,nan
-25.5,-0.004208731,0.000269877,-25.5,-0.0064236,3.26E-05,-25.5,-0.00859753,0.000873838,-25.5,-0.010749882,3.31E-05,-25.5,-0.012937307,8.14E-05,-25.5,-0.015102948,3.24E-05,-25.5,-0.017228118,6.49E-05,-25.5,-0.019388262,3.19E-05,-25.5,-0.021583468,3.53E-05,-25.5,-0.023700471,3.06E-05,-25.5,-0.02581457,3.05E-05,-25.5,-0.027963673,3.06E-05,-25.5,-0.030147845,3.35E-05,-25.5,-0.032291333,3.37E-05,-25.5,-0.034356976,3.02E-05,-25.5,-0.036495214,2.97E-05,-25.5,-0.038593004,3.06E-05,-25.5,-0.040762881,3.19E-05,-25.5,-0.042855408,3.20E-05,-25.5,-0.045019595,2.91E-05,-25.5,-0.047069169,3.11E-05,-25.5,-0.049153549,3.11E-05,-25.5,-0.051309291,2.86E-05,-25.5,-0.053387947,3.36E-05,-25.5,nan,nan,-25.5,nan,nan
-25,-0.004130473,0.000291741,-25,-0.006266773,3.58E-05,-25,-0.008400379,0.000798737,-25,-0.010493771,3.37E-05,-25,-0.01265919,6.48E-05,-25,-0.014747137,3.62E-05,-25,-0.016832426,7.51E-05,-25,-0.018952233,3.26E-05,-25,-0.021087804,3.29E-05,-25,-0.023146396,3.05E-05,-25,-0.025257797,3.61E-05,-25,-0.027348094,3.22E-05,-25,-0.029435479,3.41E-05,-25,-0.031538727,3.23E-05,-25,-0.033565302,3.14E-05,-25,-0.035663119,3.00E-05,-25,-0.037721114,2.89E-05,-25,-0.039850058,3.14E-05,-25,-0.041865919,3.40E-05,-25,-0.043989206,3.15E-05,-25,-0.045999698,2.97E-05,-25,-0.048044359,3.14E-05,-25,-0.050122437,3.34E-05,-25,-0.052161621,3.14E-05,-25,nan,nan,-25,nan,nan
-24.5,-0.004015154,0.000239649,-24.5,-0.006129265,3.20E-05,-24.5,-0.008203766,0.000641068,-24.5,-0.010257323,3.36E-05,-24.5,-0.012344884,4.16E-05,-24.5,-0.014429361,3.58E-05,-24.5,-0.016474856,7.51E-05,-24.5,-0.018517352,3.08E-05,-24.5,-0.02059386,3.38E-05,-24.5,-0.022630915,3.31E-05,-24.5,-0.024665579,3.74E-05,-24.5,-0.026733487,3.42E-05,-24.5,-0.028762698,3.06E-05,-24.5,-0.030825052,3.07E-05,-24.5,-0.032812693,3.32E-05,-24.5,-0.034833471,3.28E-05,-24.5,-0.03685185,3.20E-05,-24.5,-0.03893913,3.07E-05,-24.5,-0.040916068,3.04E-05,-24.5,-0.042962061,3.06E-05,-24.5,-0.044933405,3.18E-05,-24.5,-0.046938155,2.85E-05,-24.5,-0.048975577,3.32E-05,-24.5,-0.050974829,3.08E-05,-24.5,nan,nan,-24.5,nan,nan
-24,-0.003937099,0.000228411,-24,-0.005992005,4.09E-05,-24,-0.008008105,0.000502452,-24,-0.010021522,3.48E-05,-24,-0.012068265,3.46E-05,-24,-0.014076088,3.40E-05,-24,-0.016081507,5.43E-05,-24,-0.018102109,3.13E-05,-24,-0.020119619,3.78E-05,-24,-0.022099074,3.20E-05,-24,-0.024075534,3.36E-05,-24,-0.026102972,3.52E-05,-24,-0.028092119,2.81E-05,-24,-0.03011364,3.22E-05,-24,-0.032026518,3.47E-05,-24,-0.034007354,3.22E-05,-24,-0.035985532,3.27E-05,-24,-0.038031628,3.48E-05,-24,-0.039968854,3.31E-05,-24,-0.041974102,3.22E-05,-24,-0.043871227,3.38E-05,-24,-0.045835558,3.31E-05,-24,-0.047832521,2.89E-05,-24,-0.049773861,3.18E-05,-24,nan,nan,-24,nan,nan
-23.5,-0.00384107,0.000201278,-23.5,-0.005837356,3.69E-05,-23.5,-0.007813129,0.000416877,-23.5,-0.009786397,3.26E-05,-23.5,-0.01179206,3.84E-05,-23.5,-0.013759727,3.47E-05,-23.5,-0.015689807,5.43E-05,-23.5,-0.017669498,2.94E-05,-23.5,-0.019646722,4.31E-05,-23.5,-0.021568506,3.16E-05,-23.5,-0.023522837,2.99E-05,-23.5,-0.025474147,3.03E-05,-23.5,-0.027423034,3.50E-05,-23.5,-0.029403619,3.39E-05,-23.5,-0.031277657,3.12E-05,-23.5,-0.033218112,3.34E-05,-23.5,-0.03512156,3.28E-05,-23.5,-0.03712566,3.15E-05,-23.5,-0.039006451,3.11E-05,-23.5,-0.040953213,3.15E-05,-23.5,-0.042845916,3.07E-05,-23.5,-0.044735921,3.44E-05,-23.5,-0.046691663,2.95E-05,-23.5,-0.048576342,3.08E-05,-23.5,nan,nan,-23.5,nan,nan
-23,-0.003745466,0.000194781,-23,-0.005718286,3.89E-05,-23,-0.007619093,0.000277298,-23,-0.009551967,3.10E-05,-23,-0.011499389,5.95E-05,-23,-0.013409369,3.65E-05,-23,-0.015316965,6.29E-05,-23,-0.017255889,3.26E-05,-23,-0.01917521,5.48E-05,-23,-0.021057316,3.21E-05,-23,-0.022954158,3.57E-05,-23,-0.024848023,3.30E-05,-23,-0.026773551,3.69E-05,-23,-0.028696,3.31E-05,-23,-0.030514101,3.52E-05,-23,-0.03239722,3.08E-05,-23,-0.034294874,3.52E-05,-23,-0.036223297,3.30E-05,-23,-0.038047899,3.23E-05,-23,-0.039970786,3.40E-05,-23,-0.04180697,3.40E-05,-23,-0.043673869,3.03E-05,-23,-0.045555145,3.18E-05,-23,-0.047399917,2.95E-05,-23,nan,nan,-23,nan,nan
-22.5,-0.003667408,0.000135243,-22.5,-0.005564813,4.22E-05,-22.5,-0.007442824,0.000238249,-22.5,-0.00931825,3.14E-05,-22.5,-0.011207646,6.90E-05,-22.5,-0.013094543,3.53E-05,-22.5,-0.014945121,7.23E-05,-22.5,-0.016826651,3.50E-05,-22.5,-0.01870546,5.17E-05,-22.5,-0.020547785,3.00E-05,-22.5,-0.022387671,3.27E-05,-22.5,-0.024258369,3.12E-05,-22.5,-0.026126331,3.66E-05,-22.5,-0.027991555,3.17E-05,-22.5,-0.029770574,3.25E-05,-22.5,-0.031613834,3.11E-05,-22.5,-0.033437832,3.21E-05,-22.5,-0.035325347,3.15E-05,-22.5,-0.03712743,3.30E-05,-22.5,-0.038992712,3.52E-05,-22.5,-0.040772762,3.61E-05,-22.5,-0.042583385,3.17E-05,-22.5,-0.044424189,3.16E-05,-22.5,-0.046229443,2.90E-05,-22.5,nan,nan,-22.5,nan,nan
-22,-0.003555645,0.000147929,-22,-0.005429151,4.55E-05,-22,-0.00726686,0.000234188,-22,-0.009085286,3.14E-05,-22,-0.01093414,0.00011202,-22,-0.012763714,3.24E-05,-22,-0.014574197,0.000102457,-22,-0.01639844,3.16E-05,-22,-0.018236428,5.19E-05,-22,-0.020038859,3.50E-05,-22,-0.021838653,3.92E-05,-22,-0.023635838,3.27E-05,-22,-0.025462927,3.54E-05,-22,-0.027287308,3.24E-05,-22,-0.029011271,3.64E-05,-22,-0.030830402,3.08E-05,-22,-0.032614101,3.07E-05,-22,-0.034443944,3.27E-05,-22,-0.036206091,3.30E-05,-22,-0.038014282,2.95E-05,-22,-0.039755015,3.20E-05,-22,-0.041525613,3.16E-05,-22,-0.043325382,3.25E-05,-22,-0.04509059,3.06E-05,-22,nan,nan,-22,nan,nan
-21.5,-0.00347755,0.000144578,-21.5,-0.005293694,4.89E-05,-21.5,-0.007074616,0.000282056,-21.5,-0.00885308,3.12E-05,-21.5,-0.010660953,0.000136058,-21.5,-0.012434091,3.32E-05,-21.5,-0.01420445,0.000110886,-21.5,-0.015988248,3.36E-05,-21.5,-0.017769463,4.48E-05,-21.5,-0.019531689,3.12E-05,-21.5,-0.02127555,4.13E-05,-21.5,-0.023048441,3.30E-05,-21.5,-0.024818902,3.32E-05,-21.5,-0.026586371,3.32E-05,-21.5,-0.028271971,3.12E-05,-21.5,-0.030034205,3.23E-05,-21.5,-0.031762181,3.18E-05,-21.5,-0.033566687,3.12E-05,-21.5,-0.035273293,3.20E-05,-21.5,-0.037040679,3.36E-05,-21.5,-0.038742036,3.07E-05,-21.5,-0.040456823,3.10E-05,-21.5,-0.042215767,3.57E-05,-21.5,-0.04392522,3.09E-05,-21.5,nan,nan,-21.5,nan,nan
-21,-0.003383427,0.000127017,-21,-0.005142729,4.55E-05,-21,-0.006883517,0.000388061,-21,-0.008621662,3.30E-05,-21,-0.01038871,0.000168529,-21,-0.012121453,3.21E-05,-21,-0.013835866,9.60E-05,-21,-0.015579031,3.43E-05,-21,-0.017303858,3.39E-05,-21,-0.019025956,3.59E-05,-21,-0.020714111,3.72E-05,-21,-0.022446622,3.23E-05,-21,-0.02417632,3.52E-05,-21,-0.025887797,3.42E-05,-21,-0.027549886,3.05E-05,-21,-0.029256195,3.23E-05,-21,-0.030944096,3.27E-05,-21,-0.032691422,3.11E-05,-21,-0.034343117,3.16E-05,-21,-0.036069538,3.07E-05,-21,-0.037731415,3.23E-05,-21,-0.039406319,3.49E-05,-21,-0.041108978,3.23E-05,-21,-0.042778558,3.31E-05,-21,nan,nan,-21,nan,nan
-20.5,-0.003289856,0.000125887,-20.5,-0.005023781,4.63E-05,-20.5,-0.006724295,0.000579184,-20.5,-0.008406479,3.25E-05,-20.5,-0.010116859,0.000167166,-20.5,-0.011809162,3.27E-05,-20.5,-0.013468284,9.33E-05,-20.5,-0.01515529,3.58E-05,-20.5,-0.016854933,3.40E-05,-20.5,-0.018521307,3.28E-05,-20.5,-0.02016997,3.40E-05,-20.5,-0.021846337,3.01E-05,-20.5,-0.023535234,3.46E-05,-20.5,-0.025221405,3.23E-05,-20.5,-0.026829234,2.90E-05,-20.5,-0.028479802,3.11E-05,-20.5,-0.030127737,3.23E-05,-20.5,-0.031818285,3.20E-05,-20.5,-0.033445971,3.19E-05,-20.5,-0.035116009,2.90E-05,-20.5,-0.036723275,3.10E-05,-20.5,-0.038357966,3.49E-05,-20.5,-0.040020084,3.24E-05,-20.5,-0.041634498,3.14E-05,-20.5,-0.043261228,3.27E-05,-20.5,nan,nan
-20,-0.003211631,0.000110718,-20,-0.004874237,5.07E-05,-20,-0.006534057,0.000770517,-20,-0.008176328,2.93E-05,-20,-0.009845888,0.000187667,-20,-0.011482833,3.30E-05,-20,-0.01311722,8.25E-05,-20,-0.014763677,3.31E-05,-20,-0.016407713,3.72E-05,-20,-0.018018994,3.30E-05,-20,-0.01962795,3.26E-05,-20,-0.021263775,3.33E-05,-20,-0.022897177,4.02E-05,-20,-0.024527629,3.00E-05,-20,-0.026096511,3.42E-05,-20,-0.027721681,3.16E-05,-20,-0.029314947,3.07E-05,-20,-0.030964209,3.04E-05,-20,-0.032537496,2.84E-05,-20,-0.034166628,3.17E-05,-20,-0.035720075,3.27E-05,-20,-0.037314604,3.27E-05,-20,-0.038935927,2.94E-05,-20,-0.040510535,3.16E-05,-20,-0.042111885,3.22E-05,-20,nan,nan
-19.5,-0.003118556,9.99E-05,-19.5,-0.004755268,4.46E-05,-19.5,-0.006345015,0.001007962,-19.5,-0.00796172,3.33E-05,-19.5,-0.009575647,0.00016069,-19.5,-0.011157646,4.02E-05,-19.5,-0.012751724,6.68E-05,-19.5,-0.01434303,3.23E-05,-19.5,-0.015946455,4.63E-05,-19.5,-0.017517861,2.96E-05,-19.5,-0.019086929,3.64E-05,-19.5,-0.020682125,3.44E-05,-19.5,-0.022274885,3.63E-05,-19.5,-0.023850252,3.24E-05,-19.5,-0.025365561,3.01E-05,-19.5,-0.026950121,3.25E-05,-19.5,-0.028503503,3.39E-05,-19.5,-0.030111401,3.38E-05,-19.5,-0.031630838,3.44E-05,-19.5,-0.033218987,3.00E-05,-19.5,-0.034747554,3.57E-05,-19.5,-0.036287551,3.40E-05,-19.5,-0.037853641,3.44E-05,-19.5,-0.039388368,3.18E-05,-19.5,-0.040949086,3.22E-05,-19.5,nan,nan
-19,-0.003025985,8.04E-05,-19,-0.004621577,5.69E-05,-19,-0.006185647,0.00134302,-19,-0.007732934,3.24E-05,-19,-0.009306025,0.000142257,-19,-0.010848096,3.62E-05,-19,-0.012387504,5.83E-05,-19,-0.013952686,3.33E-05,-19,-0.015501138,7.07E-05,-19,-0.017018357,3.12E-05,-19,-0.018547418,3.84E-05,-19,-0.020101864,3.41E-05,-19,-0.021639767,3.45E-05,-19,-0.023174764,3.43E-05,-19,-0.024665219,3.23E-05,-19,-0.026180956,3.17E-05,-19,-0.027694335,3.42E-05,-19,-0.029261006,3.19E-05,-19,-0.03074091,2.97E-05,-19,-0.032274261,3.28E-05,-19,-0.033749035,3.44E-05,-19,-0.035249306,3.30E-05,-19,-0.036774403,3.25E-05,-19,-0.03826939,2.93E-05,-19,-0.039789103,2.94E-05,-19,nan,nan
-18.5,-0.00294794,8.68E-05,-18.5,-0.004488275,4.20E-05,-18.5,-0.005997876,0.001642305,-18.5,-0.007505044,3.48E-05,-18.5,-0.009037269,0.000104506,-18.5,-0.010539205,4.04E-05,-18.5,-0.012038338,4.65E-05,-18.5,-0.013548921,3.48E-05,-18.5,-0.015056637,6.43E-05,-18.5,-0.016534325,3.47E-05,-18.5,-0.018023004,4.74E-05,-18.5,-0.019522829,3.31E-05,-18.5,-0.021006478,3.51E-05,-18.5,-0.022514705,3.35E-05,-18.5,-0.023938383,3.30E-05,-18.5,-0.025427682,3.10E-05,-18.5,-0.026887278,3.17E-05,-18.5,-0.028412101,3.39E-05,-18.5,-0.029852862,3.04E-05,-18.5,-0.031345094,3.22E-05,-18.5,-0.032780712,3.41E-05,-18.5,-0.034227088,3.10E-05,-18.5,-0.035711555,3.15E-05,-18.5,-0.037152705,3.58E-05,-18.5,-0.038631799,3.22E-05,-18.5,nan,nan
-18,-0.002856026,0.000100184,-18,-0.004355374,4.00E-05,-18,-0.005824728,0.002259015,-18,-0.007291638,3.27E-05,-18,-0.008769311,6.73E-05,-18,-0.010230999,3.79E-05,-18,-0.011676385,6.28E-05,-18,-0.013146356,3.23E-05,-18,-0.014613683,8.64E-05,-18,-0.016051265,3.44E-05,-18,-0.017486519,3.89E-05,-18,-0.018945716,3.27E-05,-18,-0.020389135,3.48E-05,-18,-0.021843024,3.03E-05,-18,-0.023241273,3.39E-05,-18,-0.024676642,3.14E-05,-18,-0.026096375,3.08E-05,-18,-0.02756621,3.17E-05,-18,-0.028967488,3.14E-05,-18,-0.030418966,3.17E-05,-18,-0.031801686,3.25E-05,-18,-0.033208437,3.08E-05,-18,-0.034651682,3.15E-05,-18,-0.036053196,3.01E-05,-18,-0.037477996,3.18E-05,-18,nan,nan
-17.5,-0.002778042,0.000106703,-17.5,-0.004222992,4.11E-05,-17.5,-0.005652074,0.002212715,-17.5,-0.007065233,3.54E-05,-17.5,-0.008502185,4.50E-05,-17.5,-0.009923337,3.53E-05,-17.5,-0.01132891,9.17E-05,-17.5,-0.012757944,3.15E-05,-17.5,-0.014171243,6.90E-05,-17.5,-0.015555826,3.45E-05,-17.5,-0.016964082,3.26E-05,-17.5,-0.018369565,3.00E-05,-17.5,-0.019772429,3.65E-05,-17.5,-0.021185623,3.38E-05,-17.5,-0.022531636,2.99E-05,-17.5,-0.023926692,2.94E-05,-17.5,-0.025306241,3.07E-05,-17.5,-0.02672178,3.05E-05,-17.5,-0.028083396,3.20E-05,-17.5,-0.029493571,3.36E-05,-17.5,-0.030837101,3.34E-05,-17.5,-0.03220366,2.97E-05,-17.5,-0.033593169,3.21E-05,-17.5,-0.034954566,3.02E-05,-17.5,-0.036338683,3.30E-05,-17.5,nan,nan
-17,-0.002686691,0.000109085,-17,-0.004090832,3.75E-05,-17,-0.005466515,0.002305611,-17,-0.0068526,3.32E-05,-17,-0.008248697,3.31E-05,-17,-0.00961676,3.93E-05,-17,-0.010969315,9.82E-05,-17,-0.012357707,3.31E-05,-17,-0.013730528,4.46E-05,-17,-0.015088249,3.61E-05,-17,-0.016430536,3.52E-05,-17,-0.01779575,2.97E-05,-17,-0.019158126,4.21E-05,-17,-0.02051808,3.09E-05,-17,-0.021824974,3.44E-05,-17,-0.023179719,3.28E-05,-17,-0.024519193,3.47E-05,-17,-0.025893591,3.17E-05,-17,-0.027202963,2.99E-05,-17,-0.028571907,3.05E-05,-17,-0.029863867,3.07E-05,-17,-0.031190328,3.16E-05,-17,-0.032539122,3.10E-05,-17,-0.03384801,3.10E-05,-17,-0.035203803,3.20E-05,-17,nan,nan
-16.5,-0.002608532,0.000161215,-16.5,-0.00395921,3.53E-05,-16.5,-0.005307164,0.002491699,-16.5,-0.006627753,3.58E-05,-16.5,-0.007982912,3.90E-05,-16.5,-0.009310778,3.54E-05,-16.5,-0.01062351,0.000130907,-16.5,-0.011958592,3.36E-05,-16.5,-0.013290892,3.62E-05,-16.5,-0.014596073,3.31E-05,-16.5,-0.015911047,4.28E-05,-16.5,-0.017223212,3.27E-05,-16.5,-0.018545237,4.13E-05,-16.5,-0.019864404,3.31E-05,-16.5,-0.021132439,3.11E-05,-16.5,-0.022446424,3.25E-05,-16.5,-0.023733729,3.48E-05,-16.5,-0.025066691,3.11E-05,-16.5,-0.026336726,3.22E-05,-16.5,-0.027652495,3.09E-05,-16.5,-0.028905175,2.97E-05,-16.5,-0.030191659,3.20E-05,-16.5,-0.031499282,3.18E-05,-16.5,-0.032768557,3.15E-05,-16.5,-0.034058922,2.81E-05,-16.5,nan,nan
-16,-0.002518037,0.000169359,-16,-0.00384016,3.32E-05,-16,-0.00512323,0.002434715,-16,-0.006415978,3.71E-05,-16,-0.007730072,6.77E-05,-16,-0.009005596,3.31E-05,-16,-0.010278405,0.000125973,-16,-0.0115728,3.39E-05,-16,-0.012864572,2.99E-05,-16,-0.014129647,3.32E-05,-16,-0.015392392,4.57E-05,-16,-0.016664253,3.22E-05,-16,-0.017945584,2.90E-05,-16,-0.019212231,3.16E-05,-16,-0.020441092,3.11E-05,-16,-0.021702619,3.11E-05,-16,-0.022950008,3.22E-05,-16,-0.024241549,3.30E-05,-16,-0.025472034,3.31E-05,-16,-0.026734841,3.22E-05,-16,-0.027960243,3.50E-05,-16,-0.029194774,3.01E-05,-16,-0.030449742,3.20E-05,-16,-0.031679111,3.08E-05,-16,-0.032940376,3.21E-05,-16,nan,nan
-15.5,-0.002439866,0.000218979,-15.5,-0.003709076,3.50E-05,-15.5,-0.00496384,0.002383957,-15.5,-0.006204465,3.46E-05,-15.5,-0.007465729,9.75E-05,-15.5,-0.008701235,3.30E-05,-15.5,-0.009934024,0.000120122,-15.5,-0.011187634,3.18E-05,-15.5,-0.012426848,3.81E-05,-15.5,-0.013652107,3.40E-05,-15.5,-0.014874628,4.59E-05,-15.5,-0.016106286,3.00E-05,-15.5,-0.017335154,3.48E-05,-15.5,-0.018573061,3.07E-05,-15.5,-0.019751004,3.24E-05,-15.5,-0.020972333,3.13E-05,-15.5,-0.022179486,3.04E-05,-15.5,-0.023418334,3.19E-05,-15.5,-0.024608973,3.32E-05,-15.5,-0.025831208,3.26E-05,-15.5,-0.027005474,2.91E-05,-15.5,-0.028199983,2.86E-05,-15.5,-0.029414194,3.20E-05,-15.5,-0.030603531,3.02E-05,-15.5,-0.03181247,3.39E-05,-15.5,nan,nan
-15,-0.002350124,0.000238077,-15,-0.003578466,3.30E-05,-15,-0.004781401,0.002036044,-15,-0.005993239,3.82E-05,-15,-0.007202332,0.000150203,-15,-0.008408989,3.38E-05,-15,-0.009590401,0.000100008,-15,-0.01080313,3.07E-05,-15,-0.012002032,6.77E-05,-15,-0.013175797,3.10E-05,-15,-0.014358401,4.51E-05,-15,-0.015549365,2.87E-05,-15,-0.016737926,3.90E-05,-15,-0.01792368,3.15E-05,-15,-0.019062844,3.49E-05,-15,-0.020243479,3.15E-05,-15,-0.021399711,3.19E-05,-15,-0.022608094,2.96E-05,-15,-0.023748229,3.22E-05,-15,-0.0249296,3.18E-05,-15,-0.026064498,2.75E-05,-15,-0.027218889,3.21E-05,-15,-0.028392208,3.27E-05,-15,-0.029530588,3.21E-05,-15,-0.03069865,3.07E-05,-15,nan,nan
-14.5,-0.002271969,0.000292769,-14.5,-0.003448274,3.32E-05,-14.5,-0.00462203,0.001927298,-14.5,-0.00578219,3.39E-05,-14.5,-0.006950813,0.000222173,-14.5,-0.008105867,3.05E-05,-14.5,-0.009247566,7.08E-05,-14.5,-0.010408485,3.11E-05,-14.5,-0.011566627,8.16E-05,-14.5,-0.012700762,3.05E-05,-14.5,-0.013842971,4.25E-05,-14.5,-0.014993537,3.46E-05,-14.5,-0.016130598,5.57E-05,-14.5,-0.017286658,3.23E-05,-14.5,-0.018375877,3.92E-05,-14.5,-0.01951612,3.43E-05,-14.5,-0.020632327,3.98E-05,-14.5,-0.021788577,3.33E-05,-14.5,-0.022889081,3.30E-05,-14.5,-0.024029479,3.30E-05,-14.5,-0.025124941,3.13E-05,-14.5,-0.026228611,3.12E-05,-14.5,-0.027360991,3.22E-05,-14.5,-0.028459543,3.43E-05,-14.5,-0.029586656,3.37E-05,-14.5,nan,nan
-14,-0.002183013,0.000358746,-14,-0.003329317,3.58E-05,-14,-0.00444115,0.001574468,-14,-0.005561155,3.59E-05,-14,-0.00669952,0.000237571,-14,-0.00781437,3.31E-05,-14,-0.008916024,4.06E-05,-14,-0.010025781,3.09E-05,-14,-0.011143241,8.64E-05,-14,-0.012237443,3.17E-05,-14,-0.013328957,4.04E-05,-14,-0.014438845,3.47E-05,-14,-0.015535608,5.97E-05,-14,-0.016640288,3.35E-05,-14,-0.017701031,3.55E-05,-14,-0.018790312,3.09E-05,-14,-0.019866607,3.73E-05,-14,-0.020981412,3.22E-05,-14,-0.022042373,3.20E-05,-14,-0.023131532,2.97E-05,-14,-0.024187466,3.21E-05,-14,-0.025251217,3.10E-05,-14,-0.026332448,2.89E-05,-14,-0.027401163,3.36E-05,-14,-0.028477166,3.30E-05,-14,nan,nan
-13.5,-0.002104899,0.000447864,-13.5,-0.003199753,3.96E-05,-13.5,-0.00428185,0.001095363,-13.5,-0.005351153,3.36E-05,-13.5,-0.006438335,0.000280051,-13.5,-0.007512671,3.96E-05,-13.5,-0.008574468,3.14E-05,-13.5,-0.009643727,3.33E-05,-13.5,-0.010720532,8.37E-05,-13.5,-0.011764629,3.32E-05,-13.5,-0.012826218,3.76E-05,-13.5,-0.01388534,3.25E-05,-13.5,-0.014941723,4.74E-05,-13.5,-0.016005631,3.91E-05,-13.5,-0.01701722,3.36E-05,-13.5,-0.018066124,3.12E-05,-13.5,-0.019102424,3.42E-05,-13.5,-0.0201757,2.80E-05,-13.5,-0.02118723,3.19E-05,-13.5,-0.02224542,3.18E-05,-13.5,-0.023251963,3.23E-05,-13.5,-0.024275714,3.02E-05,-13.5,-0.025316186,3.44E-05,-13.5,-0.026334824,3.27E-05,-13.5,-0.027379746,3.33E-05,-13.5,nan,nan
-13,-0.002016762,0.000473889,-13,-0.003070841,4.58E-05,-13,-0.00411241,0.000766358,-13,-0.005141627,3.10E-05,-13,-0.006187952,0.000269109,-13,-0.00721207,4.34E-05,-13,-0.008233786,5.24E-05,-13,-0.009272238,3.19E-05,-13,-0.010298406,6.29E-05,-13,-0.01130283,3.56E-05,-13,-0.012314273,4.42E-05,-13,-0.013332916,3.41E-05,-13,-0.014348849,3.58E-05,-13,-0.015371755,3.39E-05,-13,-0.016344545,3.30E-05,-13,-0.017352817,3.34E-05,-13,-0.018339562,3.44E-05,-13,-0.019371205,3.13E-05,-13,-0.020343432,3.19E-05,-13,-0.021360365,3.26E-05,-13,-0.022327595,3.13E-05,-13,-0.023301742,2.72E-05,-13,-0.02430152,3.24E-05,-13,-0.025279924,3.12E-05,-13,-0.026274483,3.14E-05,-13,-0.027229246,3.28E-05
-12.5,-0.001938714,0.000552231,-12.5,-0.002951785,4.61E-05,-12.5,-0.003943418,0.000399721,-12.5,-0.004932472,3.19E-05,-12.5,-0.005937859,0.000252409,-12.5,-0.006921804,4.34E-05,-12.5,-0.007903337,9.57E-05,-12.5,-0.008891532,3.19E-05,-12.5,-0.009877278,6.38E-05,-12.5,-0.01084179,3.22E-05,-12.5,-0.011813193,4.85E-05,-12.5,-0.012781926,3.21E-05,-12.5,-0.013766544,3.14E-05,-12.5,-0.01473943,3.09E-05,-12.5,-0.015673069,3.52E-05,-12.5,-0.016631805,3.02E-05,-12.5,-0.017587869,3.39E-05,-12.5,-0.018568742,3.44E-05,-12.5,-0.019501568,3.40E-05,-12.5,-0.020477197,3.04E-05,-12.5,-0.021396023,3.58E-05,-12.5,-0.022339515,2.90E-05,-12.5,-0.023298216,3.17E-05,-12.5,-0.024227655,3.36E-05,-12.5,-0.025181152,3.39E-05,-12.5,-0.026114406,3.11E-05
-12,-0.001860518,0.000613855,-12,-0.002823496,4.89E-05,-12,-0.003774893,0.000254496,-12,-0.004723707,3.21E-05,-12,-0.005688081,0.000270302,-12,-0.006631778,4.52E-05,-12,-0.007564103,0.000157104,-12,-0.008511682,3.50E-05,-12,-0.009456803,3.90E-05,-12,-0.010381457,3.92E-05,-12,-0.011303755,6.31E-05,-12,-0.012241094,3.10E-05,-12,-0.013175983,4.38E-05,-12,-0.014108149,3.10E-05,-12,-0.015002836,3.99E-05,-12,-0.01592119,3.24E-05,-12,-0.016837146,4.30E-05,-12,-0.017767789,3.07E-05,-12,-0.018661293,3.28E-05,-12,-0.019595393,3.13E-05,-12,-0.020475273,3.15E-05,-12,-0.021378376,2.57E-05,-12,-0.022287645,3.18E-05,-12,-0.023185633,3.23E-05,-12,-0.024089739,3.09E-05,-12,-0.024982612,2.95E-05
-11.5,-0.001773469,0.000733742,-11.5,-0.002704448,5.48E-05,-11.5,-0.003615512,0.000220678,-11.5,-0.004515351,3.43E-05,-11.5,-0.005438637,0.00018365,-11.5,-0.006333423,4.65E-05,-11.5,-0.007234396,0.000237019,-11.5,-0.00813272,3.27E-05,-11.5,-0.009037144,3.88E-05,-11.5,-0.00992187,3.59E-05,-11.5,-0.01080423,5.74E-05,-11.5,-0.011700865,3.35E-05,-11.5,-0.012586619,5.89E-05,-11.5,-0.013478097,3.20E-05,-11.5,-0.014333623,3.52E-05,-11.5,-0.015211665,3.17E-05,-11.5,-0.016078974,3.90E-05,-11.5,-0.016976856,3.21E-05,-11.5,-0.0178308,2.95E-05,-11.5,-0.018715169,3.31E-05,-11.5,-0.019555889,3.17E-05,-11.5,-0.020410476,3.35E-05,-11.5,-0.021287247,3.11E-05,-11.5,-0.022136763,3.22E-05,-11.5,-0.023008314,3.03E-05,-11.5,-0.023852756,2.78E-05
-11,-0.001695381,0.000867719,-11,-0.002576891,6.92E-05,-11,-0.003447575,0.000468248,-11,-0.004315674,3.17E-05,-11,-0.005189548,0.000130638,-11,-0.00604433,4.45E-05,-11,-0.006896723,0.000284971,-11,-0.007762834,3.27E-05,-11,-0.008618334,4.12E-05,-11,-0.009463064,3.62E-05,-11,-0.010305421,5.16E-05,-11,-0.011153222,3.14E-05,-11,-0.012006641,8.92E-05,-11,-0.012857339,3.51E-05,-11,-0.013665625,3.65E-05,-11,-0.014503289,3.07E-05,-11,-0.015330595,3.83E-05,-11,-0.016186939,3.17E-05,-11,-0.016993364,3.27E-05,-11,-0.017836596,3.41E-05,-11,-0.018638092,3.80E-05,-11,-0.019452689,3.41E-05,-11,-0.020288306,3.38E-05,-11,-0.021097825,3.19E-05,-11,-0.021920469,3.46E-05,-11,-0.022724931,2.91E-05
-10.5,-0.001617164,0.000973489,-10.5,-0.002457826,8.67E-05,-10.5,-0.003280147,0.001077729,-10.5,-0.004107799,3.14E-05,-10.5,-0.004940833,7.79E-05,-10.5,-0.005755547,3.85E-05,-10.5,-0.006567863,0.000260822,-10.5,-0.007385354,3.20E-05,-10.5,-0.008208157,6.37E-05,-10.5,-0.009005079,2.95E-05,-10.5,-0.009807367,4.45E-05,-10.5,-0.010614716,3.07E-05,-10.5,-0.011427289,8.38E-05,-10.5,-0.012229515,3.66E-05,-10.5,-0.012998897,3.11E-05,-10.5,-0.01379612,3.19E-05,-10.5,-0.01458324,3.00E-05,-10.5,-0.015398101,2.99E-05,-10.5,-0.016165101,3.40E-05,-10.5,-0.01696723,3.17E-05,-10.5,-0.017729294,3.50E-05,-10.5,-0.018503939,3.22E-05,-10.5,-0.019290779,3.22E-05,-10.5,-0.020060363,3.15E-05,-10.5,-0.020842044,3.33E-05,-10.5,-0.021606566,3.34E-05
-10,-0.001531267,0.000886306,-10,-0.00233104,9.60E-05,-10,-0.003120749,0.002143747,-10,-0.003900383,3.46E-05,-10,-0.004692514,5.34E-05,-10,-0.005467097,3.48E-05,-10,-0.006239274,0.000265622,-10,-0.007016241,2.99E-05,-10,-0.007790763,9.03E-05,-10,-0.008547951,2.95E-05,-10,-0.009310109,3.22E-05,-10,-0.010076946,3.14E-05,-10,-0.010841256,6.88E-05,-10,-0.011610317,3.86E-05,-10,-0.012340601,3.63E-05,-10,-0.01309741,3.30E-05,-10,-0.013837216,3.38E-05,-10,-0.014610405,3.32E-05,-10,-0.015338051,3.51E-05,-10,-0.01609179,3.50E-05,-10,-0.016814517,3.21E-05,-10,-0.017549045,3.51E-05,-10,-0.018295,3.19E-05,-10,-0.019024461,3.30E-05,-10,-0.019765251,3.53E-05,-10,-0.020489644,3.29E-05
-9.5,-0.001453196,0.001076173,-9.5,-0.002211996,0.000110578,-9.5,-0.00295399,0.003272287,-9.5,-0.003693441,3.72E-05,-9.5,-0.00444461,3.39E-05,-9.5,-0.005179003,3.36E-05,-9.5,-0.005903958,0.000184565,-9.5,-0.006640366,3.05E-05,-9.5,-0.007381298,8.06E-05,-9.5,-0.00809867,3.57E-05,-9.5,-0.008813688,3.50E-05,-9.5,-0.009539953,3.17E-05,-9.5,-0.01026377,4.20E-05,-9.5,-0.01099178,3.10E-05,-9.5,-0.011683056,3.56E-05,-9.5,-0.012392441,3.36E-05,-9.5,-0.013099241,4.81E-05,-9.5,-0.013823915,3.33E-05,-9.5,-0.014512152,3.21E-05,-9.5,-0.015224926,3.32E-05,-9.5,-0.015908238,3.28E-05,-9.5,-0.016602569,3.51E-05,-9.5,-0.017307558,3.22E-05,-9.5,-0.017990203,3.11E-05,-9.5,-0.018690044,3.64E-05,-9.5,-0.019374253,3.04E-05
-9,-0.001375014,0.001181802,-9,-0.002086025,0.000146553,-9,-0.002787781,0.005632542,-9,-0.003486993,3.90E-05,-9,-0.004197141,6.45E-05,-9,-0.00489129,2.98E-05,-9,-0.005576377,7.44E-05,-9,-0.006272148,3.03E-05,-9,-0.006965455,9.87E-05,-9,-0.00764298,3.45E-05,-9,-0.008324638,4.50E-05,-9,-0.009003782,3.09E-05,-9,-0.009686865,2.95E-05,-9,-0.010367485,3.14E-05,-9,-0.01101967,3.55E-05,-9,-0.011695271,3.31E-05,-9,-0.012355419,4.82E-05,-9,-0.013038694,3.39E-05,-9,-0.013687469,3.09E-05,-9,-0.014359226,3.18E-05,-9,-0.015003071,3.09E-05,-9,-0.015657152,3.15E-05,-9,-0.016314869,3.41E-05,-9,-0.016963897,2.86E-05,-9,-0.017622713,3.82E-05,-9,-0.018260484,3.04E-05
-8.5,-0.001290332,0.001311535,-8.5,-0.00196704,0.000145779,-8.5,-0.002628481,0.008307979,-8.5,-0.003287377,3.94E-05,-8.5,-0.003950127,0.000106554,-8.5,-0.004603977,3.65E-05,-8.5,-0.005249146,3.31E-05,-8.5,-0.005904225,2.86E-05,-8.5,-0.006556834,9.08E-05,-8.5,-0.007194436,3.80E-05,-8.5,-0.007829669,6.87E-05,-8.5,-0.008474604,3.26E-05,-8.5,-0.009117029,3.87E-05,-8.5,-0.009756888,3.21E-05,-8.5,-0.010363854,3.21E-05,-8.5,-0.01099876,3.33E-05,-8.5,-0.01161899,3.91E-05,-8.5,-0.01226079,3.31E-05,-8.5,-0.01287003,3.23E-05,-8.5,-0.013500694,3.20E-05,-8.5,-0.014099086,4.19E-05,-8.5,-0.014712868,3.20E-05,-8.5,-0.015329902,3.01E-05,-8.5,-0.015938626,2.85E-05,-8.5,-0.016550551,3.34E-05,-8.5,-0.017154215,3.25E-05
-8,-0.001212335,0.001370905,-8,-0.001847906,0.000168448,-8,-0.002463021,0.009856022,-8,-0.003081574,4.40E-05,-8,-0.003703588,0.000232424,-8,-0.00431709,4.27E-05,-8,-0.004922292,6.11E-05,-8,-0.00553663,3.15E-05,-8,-0.006148488,6.95E-05,-8,-0.00674033,4.13E-05,-8,-0.007341374,8.58E-05,-8,-0.007939816,2.94E-05,-8,-0.00854155,8.90E-05,-8,-0.00914063,3.20E-05,-8,-0.009708837,3.33E-05,-8,-0.010297317,3.38E-05,-8,-0.010883247,3.10E-05,-8,-0.011477907,3.39E-05,-8,-0.01204759,3.11E-05,-8,-0.012637136,3.19E-05,-8,-0.01320188,4.64E-05,-8,-0.013769791,3.37E-05,-8,-0.014346095,2.91E-05,-8,-0.014914469,3.29E-05,-8,-0.01548566,3.47E-05,-8,-0.016043566,3.01E-05
-7.5,-0.001134246,0.00147838,-7.5,-0.001723036,0.000152727,-7.5,-0.002303721,0.013141509,-7.5,-0.002881861,4.38E-05,-7.5,-0.003463066,0.000348587,-7.5,-0.004030651,5.18E-05,-7.5,-0.004595839,0.00026152,-7.5,-0.005169389,3.18E-05,-7.5,-0.005740452,5.53E-05,-7.5,-0.006292666,3.37E-05,-7.5,-0.006847904,9.25E-05,-7.5,-0.00741133,2.97E-05,-7.5,-0.007966908,0.000107196,-7.5,-0.00852523,3.71E-05,-7.5,-0.009054562,3.50E-05,-7.5,-0.009602678,3.32E-05,-7.5,-0.010148193,3.48E-05,-7.5,-0.010701689,3.04E-05,-7.5,-0.011231748,3.32E-05,-7.5,-0.011780108,3.25E-05,-7.5,-0.012300087,4.22E-05,-7.5,-0.012827997,3.22E-05,-7.5,-0.013368615,3.08E-05,-7.5,-0.013891507,2.99E-05,-7.5,-0.01442192,3.50E-05,-7.5,-0.014939817,3.04E-05
-7,-0.001056071,0.001692498,-7,-0.001604019,0.000189547,-7,-0.002139065,0.01869588,-7,-0.002676771,6.60E-05,-7,-0.003217147,0.000436434,-7,-0.003749792,6.17E-05,-7,-0.004269814,0.000534964,-7,-0.004802532,3.36E-05,-7,-0.005332741,6.39E-05,-7,-0.0058453,3.53E-05,-7,-0.006360415,7.10E-05,-7,-0.006878092,2.86E-05,-7,-0.00739812,0.000113428,-7,-0.007910736,3.87E-05,-7,-0.008406082,4.24E-05,-7,-0.008913731,3.18E-05,-7,-0.00941394,4.24E-05,-7,-0.009926212,3.00E-05,-7,-0.010416606,3.05E-05,-7,-0.010923738,3.13E-05,-7,-0.011404437,3.27E-05,-7,-0.011892282,2.99E-05,-7,-0.012386974,3.10E-05,-7,-0.01286982,3.14E-05,-7,-0.013359416,3.55E-05,-7,-0.013837264,3.21E-05
-6.5,-0.000977815,0.001835828,-6.5,-0.001484879,0.00021179,-6.5,-0.001979816,0.023311325,-6.5,-0.002477024,7.92E-05,-6.5,-0.002971761,0.000687044,-6.5,-0.003463928,9.40E-05,-6.5,-0.003948938,0.000991277,-6.5,-0.004436088,3.42E-05,-6.5,-0.004925431,6.53E-05,-6.5,-0.005398268,3.85E-05,-6.5,-0.005873349,4.62E-05,-6.5,-0.006350463,2.96E-05,-6.5,-0.006825099,8.27E-05,-6.5,-0.007301724,3.69E-05,-6.5,-0.007753237,4.34E-05,-6.5,-0.008220406,3.10E-05,-6.5,-0.008680527,5.91E-05,-6.5,-0.009151536,3.41E-05,-6.5,-0.009602228,3.35E-05,-6.5,-0.010068093,3.40E-05,-6.5,-0.010509477,3.24E-05,-6.5,-0.010957219,3.24E-05,-6.5,-0.011411034,2.85E-05,-6.5,-0.011853775,3.13E-05,-6.5,-0.012302492,3.07E-05,-6.5,-0.012740231,3.12E-05
-6,-0.000895033,0.001645981,-6,-0.001361201,0.00027043,-6,-0.001820418,0.028292032,-6,-0.00227271,7.57E-05,-6,-0.002731284,0.000813813,-6,-0.003178579,0.000100919,-6,-0.003623405,0.001653329,-6,-0.004070087,3.50E-05,-6,-0.004518455,0.00011265,-6,-0.004951605,4.35E-05,-6,-0.005386483,3.78E-05,-6,-0.005823131,2.92E-05,-6,-0.006257196,4.83E-05,-6,-0.006688798,3.31E-05,-6,-0.007105475,3.70E-05,-6,-0.007527953,2.84E-05,-6,-0.007948012,4.05E-05,-6,-0.008381702,3.23E-05,-6,-0.008788679,3.44E-05,-6,-0.009213179,3.41E-05,-6,-0.009615276,4.43E-05,-6,-0.010022818,3.47E-05,-6,-0.010435771,3.20E-05,-6,-0.010838324,3.23E-05,-6,-0.01124613,3.20E-05,-6,-0.011639876,3.12E-05
-5.5,-0.000817025,0.00173002,-5.5,-0.001242234,0.000296635,-5.5,-0.001656866,0.028877362,-5.5,-0.00207299,8.84E-05,-5.5,-0.002486632,0.000870386,-5.5,-0.002897708,0.000115454,-5.5,-0.00329843,0.0019992,-5.5,-0.003704553,3.94E-05,-5.5,-0.004111976,0.000177437,-5.5,-0.004505344,4.53E-05,-5.5,-0.004900052,6.30E-05,-5.5,-0.005296134,3.12E-05,-5.5,-0.005689636,3.29E-05,-5.5,-0.006080669,3.49E-05,-5.5,-0.006454227,3.20E-05,-5.5,-0.006840251,3.40E-05,-5.5,-0.007220127,3.42E-05,-5.5,-0.007608425,3.01E-05,-5.5,-0.007976019,3.35E-05,-5.5,-0.008359191,3.21E-05,-5.5,-0.008721902,5.52E-05,-5.5,-0.009089283,3.28E-05,-5.5,-0.009461302,3.15E-05,-5.5,-0.009820171,3.06E-05,-5.5,-0.010190537,4.06E-05,-5.5,-0.010544502,3.41E-05
-5,-0.000738952,0.001843132,-5,-0.001123172,0.000332938,-5,-0.001497591,0.033260784,-5,-0.001869513,0.000102042,-5,-0.002246138,0.000961689,-5,-0.002613065,0.000138317,-5,-0.00297751,0.002520806,-5,-0.00334302,4.02E-05,-5,-0.003705963,0.000222443,-5,-0.004059518,5.14E-05,-5,-0.004414028,0.00017743,-5,-0.004769513,3.39E-05,-5,-0.005122423,6.47E-05,-5,-0.005472856,4.21E-05,-5,-0.00580738,5.65E-05,-5,-0.006152857,3.11E-05,-5,-0.006489186,3.38E-05,-5,-0.006839439,3.14E-05,-5,-0.007167549,3.09E-05,-5,-0.007506176,2.89E-05,-5,-0.007829423,3.83E-05,-5,-0.008156635,3.23E-05,-5,-0.008487657,3.36E-05,-5,-0.008809841,2.88E-05,-5,-0.009135777,3.44E-05,-5,-0.009449884,3.09E-05
-4.5,-0.000660826,0.001859839,-4.5,-0.001004026,0.000308791,-4.5,-0.001338204,0.037626823,-4.5,-0.001669886,0.000108947,-4.5,-0.002002306,0.001100338,-4.5,-0.002332166,0.000150322,-4.5,-0.00265323,0.003398299,-4.5,-0.002978123,5.02E-05,-4.5,-0.003300452,0.000308472,-4.5,-0.003614167,7.09E-05,-4.5,-0.00392845,0.000312337,-4.5,-0.004243312,3.69E-05,-4.5,-0.004555603,0.000148884,-4.5,-0.00486541,6.07E-05,-4.5,-0.005160875,0.000116935,-4.5,-0.00546568,3.50E-05,-4.5,-0.005762209,6.85E-05,-4.5,-0.006067746,3.94E-05,-4.5,-0.006359315,3.85E-05,-4.5,-0.006656876,3.35E-05,-4.5,-0.00694071,3.09E-05,-4.5,-0.007227665,3.43E-05,-4.5,-0.007514931,3.43E-05,-4.5,-0.007796899,3.27E-05,-4.5,-0.008081789,3.43E-05,-4.5,-0.008358788,2.98E-05
-4,-0.000582648,0.001996414,-4,-0.000881937,0.000303406,-4,-0.001175872,0.048319738,-4,-0.001470129,0.000109588,-4,-0.001761881,0.001066572,-4,-0.002048319,0.000131251,-4,-0.002332274,0.003570692,-4,-0.0026165,4.35E-05,-4,-0.002898166,0.000336091,-4,-0.003171994,8.90E-05,-4,-0.003443355,0.000630928,-4,-0.003717569,4.13E-05,-4,-0.003989217,0.000338003,-4,-0.004258356,8.51E-05,-4,-0.004514758,0.000219973,-4,-0.004778917,3.66E-05,-4,-0.005035575,0.000156259,-4,-0.005299682,5.88E-05,-4,-0.005551379,5.08E-05,-4,-0.005807899,3.63E-05,-4,-0.00605225,6.15E-05,-4,-0.006296561,3.66E-05,-4,-0.006545517,3.54E-05,-4,-0.00678726,3.68E-05,-4,-0.007028796,5.10E-05,-4,-0.00726555,3.43E-05
-3.5,-0.000504426,0.002111074,-3.5,-0.000763038,0.000312474,-3.5,-0.001016684,0.053975642,-3.5,-0.001267835,0.00011551,-3.5,-0.001521329,0.001006582,-3.5,-0.001767476,0.000129742,-3.5,-0.002008785,0.003199968,-3.5,-0.002252347,4.52E-05,-3.5,-0.002493353,0.000363304,-3.5,-0.002727297,0.000105471,-3.5,-0.002961036,0.000804058,-3.5,-0.003192294,4.17E-05,-3.5,-0.003423309,0.000401426,-3.5,-0.003651765,0.000108521,-3.5,-0.003869078,0.000312093,-3.5,-0.004092571,4.23E-05,-3.5,-0.004309339,0.000209799,-3.5,-0.004531997,6.42E-05,-3.5,-0.004741707,7.43E-05,-3.5,-0.004959262,4.45E-05,-3.5,-0.00516408,0.000107758,-3.5,-0.005368534,5.69E-05,-3.5,-0.005576429,5.10E-05,-3.5,-0.005775942,4.38E-05,-3.5,-0.00597875,9.05E-05,-3.5,-0.00617519,4.42E-05
-3,-0.000426166,0.002106232,-3,-0.00064408,0.000368381,-3,-0.000857417,0.077991057,-3,-0.001068261,0.000121313,-3,-0.001280647,0.00090636,-3,-0.001484513,0.000135621,-3,-0.001687889,0.002938294,-3,-0.001890745,3.84E-05,-3,-0.002091048,0.00035861,-3,-0.002285066,0.000112557,-3,-0.002476625,0.000941193,-3,-0.002669436,4.43E-05,-3,-0.00285974,0.000469264,-3,-0.003047489,0.00010672,-3,-0.003225656,0.00038234,-3,-0.003406696,4.62E-05,-3,-0.003585279,0.000256839,-3,-0.003764749,7.57E-05,-3,-0.003936621,0.000121504,-3,-0.004111029,4.34E-05,-3,-0.004276337,0.000180986,-3,-0.004440882,6.85E-05,-3,-0.004607698,6.10E-05,-3,-0.004767302,4.72E-05,-3,-0.004929033,0.000136573,-3,-0.005085176,4.81E-05
-2.5,-0.000346157,0.002268459,-2.5,-0.000525074,0.000331432,-2.5,-0.000698086,0.080232415,-2.5,-0.000868606,0.000131255,-2.5,-0.001038265,0.000707587,-2.5,-0.001203813,0.000107215,-2.5,-0.001365294,0.002917925,-2.5,-0.001527452,4.80E-05,-2.5,-0.001687061,0.000371847,-2.5,-0.001841162,0.00010959,-2.5,-0.001994284,0.001045227,-2.5,-0.002144925,4.34E-05,-2.5,-0.002294528,0.000608766,-2.5,-0.002441581,0.000112916,-2.5,-0.002580611,0.00044438,-2.5,-0.002722699,4.97E-05,-2.5,-0.002859607,0.000237868,-2.5,-0.002999302,7.06E-05,-2.5,-0.003129954,0.000127454,-2.5,-0.003263267,3.86E-05,-2.5,-0.00338905,0.000176865,-2.5,-0.003513673,6.70E-05,-2.5,-0.0036394,6.24E-05,-2.5,-0.003760225,4.02E-05,-2.5,-0.003879722,0.000112758,-2.5,-0.003995558,5.51E-05
-2,-0.00026823,0.002385415,-2,-0.000406028,0.000347347,-2,-0.000538702,0.081909959,-2,-0.000668886,0.00013909,-2,-0.000797816,0.000640772,-2,-0.000923024,9.35E-05,-2,-0.001044558,0.00233124,-2,-0.001165981,4.28E-05,-2,-0.00128486,0.00037623,-2,-0.001398995,0.000106774,-2,-0.001510709,0.001220031,-2,-0.001622093,4.30E-05,-2,-0.001730959,0.000489934,-2,-0.00183728,8.83E-05,-2,-0.001937129,0.000414184,-2,-0.002037533,3.96E-05,-2,-0.002135445,0.0001778,-2,-0.002232714,6.98E-05,-2,-0.002323833,0.000127247,-2,-0.002416906,3.95E-05,-2,-0.002502289,0.000190241,-2,-0.002587787,6.20E-05,-2,-0.002672402,5.98E-05,-2,-0.002752117,3.61E-05,-2,-0.002831645,7.86E-05,-2,-0.00290642,4.13E-05
-1.5,-0.000190282,0.002362253,-1.5,-0.000286951,0.000380866,-1.5,-0.000379275,0.08285184,-1.5,-0.000469114,0.000161063,-1.5,-0.000557306,0.000533288,-1.5,-0.000642162,7.92E-05,-1.5,-0.000723741,0.001618931,-1.5,-0.000804421,4.34E-05,-1.5,-0.00088256,0.000368686,-1.5,-0.000956739,0.000101134,-1.5,-0.001028492,0.001197173,-1.5,-0.001099136,4.60E-05,-1.5,-0.001167257,0.0003917,-1.5,-0.001232839,5.90E-05,-1.5,-0.001292924,0.000255622,-1.5,-0.001353565,3.78E-05,-1.5,-0.001410581,9.13E-05,-1.5,-0.001467261,5.29E-05,-1.5,-0.001518815,0.000108649,-1.5,-0.001569885,3.31E-05,-1.5,-0.00161657,0.000149666,-1.5,-0.001661296,5.53E-05,-1.5,-0.001704797,4.28E-05,-1.5,-0.00174496,3.23E-05,-1.5,-0.001782998,4.84E-05,-1.5,-0.001818171,3.36E-05
-1,-0.000112319,0.002415519,-1,-0.000167851,0.000396225,-1,-0.000219821,0.095054843,-1,-0.000269306,0.000141976,-1,-0.000316753,0.00042681,-1,-0.000361252,5.41E-05,-1,-0.000402869,0.001081186,-1,-0.000442799,3.24E-05,-1,-0.000480194,0.000331027,-1,-0.000514411,8.92E-05,-1,-0.000546197,0.001148681,-1,-0.000576096,4.58E-05,-1,-0.000603215,0.000224041,-1,-0.000628076,5.84E-05,-1,-0.000649594,0.000131278,-1,-0.000669315,3.23E-05,-1,-0.000686549,5.84E-05,-1,-0.000701696,4.62E-05,-1,-0.000713681,7.08E-05,-1,-0.000723611,3.05E-05,-1,-0.000730728,9.82E-05,-1,-0.000735494,4.36E-05,-1,-0.000737857,3.41E-05,-1,-0.000737682,2.76E-05,-1,-0.000734961,4.30E-05,-1,-0.000729848,3.29E-05
-0.5,-3.43E-05,0.002371904,-0.5,-4.87E-05,0.000388829,-0.5,-6.04E-05,0.094213853,-0.5,-6.95E-05,0.000152006,-0.5,-7.62E-05,0.000395983,-0.5,-8.03E-05,4.65E-05,-0.5,-8.20E-05,0.000636766,-0.5,-8.11E-05,3.58E-05,-0.5,-7.78E-05,0.000286129,-0.5,-7.20E-05,0.000102189,-0.5,-6.39E-05,0.001013269,-0.5,-5.30E-05,4.63E-05,-0.5,-3.98E-05,0.000178064,-0.5,-2.39E-05,3.41E-05,-0.5,-6.22E-06,4.98E-05,-0.5,1.44E-05,3.15E-05,-0.5,3.75E-05,3.91E-05,-0.5,6.39E-05,3.40E-05,-0.5,9.15E-05,4.69E-05,-0.5,0.000122718,3.26E-05,-0.5,0.000155169,6.29E-05,-0.5,0.000190364,3.69E-05,-0.5,0.00022914,3.46E-05,-0.5,0.000269273,3.16E-05,-0.5,0.000313133,3.66E-05,-0.5,0.000358203,3.11E-05
0,4.36E-05,0.002411676,0,7.04E-05,0.000360016,0,9.91E-05,0.093799863,0,0.000130356,0.000159339,0,0.000164407,0.000335315,0,0.000200629,4.58E-05,0,0.000238942,0.000512891,0,0.000280513,3.18E-05,0,0.000324619,0.00029516,0,0.000370331,9.65E-05,0,0.000418482,0.001005465,0,0.000470077,5.36E-05,0,0.000523671,0.000131182,0,0.000580309,3.07E-05,0,0.000637148,4.49E-05,0,0.000698145,3.26E-05,0,0.000761617,4.10E-05,0,0.000829527,3.93E-05,0,0.000896687,4.32E-05,0,0.000969028,3.19E-05,0,0.001041055,5.94E-05,0,0.001116206,3.87E-05,0,0.001196109,3.20E-05,0,0.001276207,3.10E-05,0,0.001361191,4.22E-05,0,0.001447067,3.02E-05
0.5,0.000121596,0.002390056,0.5,0.000189487,0.000395261,0.5,0.00025859,0.093492534,0.5,0.000330179,0.000166698,0.5,0.000404978,0.000347507,0.5,0.000481557,4.79E-05,0.5,0.000559833,0.000714103,0.5,0.000642149,3.13E-05,0.5,0.000727004,0.000325079,0.5,0.000812676,8.98E-05,0.5,0.000900791,0.001096197,0.5,0.00099313,4.99E-05,0.5,0.001087997,0.000204749,0.5,0.001185406,4.16E-05,0.5,0.001280471,0.00011025,0.5,0.001382818,3.24E-05,0.5,0.00148564,4.51E-05,0.5,0.001595072,4.21E-05,0.5,0.0017018,6.76E-05,0.5,0.001815269,3.24E-05,0.5,0.001926862,7.97E-05,0.5,0.002041964,4.49E-05,0.5,0.002162992,3.10E-05,0.5,0.002284233,3.07E-05,0.5,0.002409151,3.92E-05,0.5,0.002535376,3.44E-05
1,0.000199558,0.002353272,1,0.000308583,0.000381909,1,0.000418037,0.092528516,1,0.000529978,0.000153471,1,0.000645517,0.000395436,1,0.000762449,5.07E-05,1,0.000880681,0.001090514,1,0.001003736,3.37E-05,1,0.001129333,0.000315097,1,0.001254959,0.000102557,1,0.001383032,0.001143451,1,0.001516106,5.03E-05,1,0.001651709,0.000293132,1,0.001789857,5.89E-05,1,0.00192506,0.000243197,1,0.002066777,3.88E-05,1,0.002210962,8.60E-05,1,0.002360496,4.50E-05,1,0.002508243,8.47E-05,1,0.002662856,3.86E-05,1,0.002812501,0.000134635,1,0.002969098,5.39E-05,1,0.003131266,4.87E-05,1,0.003291288,3.11E-05,1,0.003458534,5.28E-05,1,0.003625094,3.24E-05
1.5,0.000277504,0.00234757,1.5,0.000427656,0.000396756,1.5,0.000577459,0.082087306,1.5,0.000729736,0.000142965,1.5,0.000886008,0.000461416,1.5,0.001043283,8.07E-05,1.5,0.001201462,0.001723932,1.5,0.001365247,3.46E-05,1.5,0.001531576,0.000312138,1.5,0.001697147,0.000109519,1.5,0.001866828,0.001089007,1.5,0.002038968,4.97E-05,1.5,0.002215295,0.00039615,1.5,0.002394171,9.28E-05,1.5,0.00256853,0.00038818,1.5,0.002752342,3.99E-05,1.5,0.002935095,0.000154634,1.5,0.003127568,6.36E-05,1.5,0.003313427,0.000126896,1.5,0.003509147,3.68E-05,1.5,0.003699842,0.000180205,1.5,0.00389679,7.57E-05,1.5,0.004098138,6.22E-05,1.5,0.004300065,3.47E-05,1.5,0.004508435,8.05E-05,1.5,0.004713316,4.32E-05
2,0.000355428,0.002386211,2,0.000546695,0.000351226,2,0.000736822,0.078779587,2,0.000929437,0.000145627,2,0.00112643,0.000543034,2,0.001324036,8.98E-05,2,0.001524105,0.002017651,2,0.001726652,4.16E-05,2,0.001935705,0.000291381,2,0.002139204,0.000115293,2,0.002349189,0.00110125,2,0.002563748,4.83E-05,2,0.002780811,0.000403859,2,0.003000426,8.68E-05,2,0.003213951,0.000398925,2,0.003436323,4.13E-05,2,0.0036612,0.000194971,2,0.003895184,6.96E-05,2,0.004120579,0.000144235,2,0.004357438,3.73E-05,2,0.004587682,0.000196742,2,0.004822651,6.96E-05,2,0.005067036,5.91E-05,2,0.005309265,4.03E-05,2,0.005558776,0.000106026,2,0.00580359,4.71E-05
2.5,0.000435527,0.00224002,2.5,0.000665693,0.000343835,2.5,0.000896137,0.076125997,2.5,0.001129069,0.000131625,2.5,0.001369065,0.000760114,2.5,0.001607012,8.62E-05,2.5,0.00184507,0.002541865,2.5,0.002090298,4.44E-05,2.5,0.002338076,0.000325606,2.5,0.002583518,0.000106733,2.5,0.002833832,0.001108192,2.5,0.00308665,4.71E-05,2.5,0.003344408,0.000477095,2.5,0.003604721,0.000105225,2.5,0.003857372,0.000412854,2.5,0.004122606,4.76E-05,2.5,0.004387808,0.000284434,2.5,0.004660676,7.57E-05,2.5,0.004928211,0.000118677,2.5,0.005206181,4.24E-05,2.5,0.005475957,0.000162426,2.5,0.005753525,7.43E-05,2.5,0.006036331,7.37E-05,2.5,0.00631887,4.19E-05,2.5,0.006609476,0.000105602,2.5,0.006897009,5.20E-05
3,0.000513783,0.002173245,3,0.000784641,0.000355376,3,0.001055383,0.074287642,3,0.001328615,0.000130688,3,0.001609689,0.000838625,3,0.001887934,0.000120314,3,0.002165894,0.003002033,3,0.002451805,4.48E-05,3,0.002743054,0.000310748,3,0.003028418,0.000104532,3,0.00331621,0.000985064,3,0.003612175,4.17E-05,3,0.003910632,0.000429513,3,0.004211638,0.000105797,3,0.004503429,0.000397252,3,0.004809357,4.41E-05,3,0.005111888,0.000226142,3,0.005428815,6.86E-05,3,0.005736256,9.16E-05,3,0.00605531,3.49E-05,3,0.006364597,0.000107694,3,0.006682457,5.81E-05,3,0.007009072,5.33E-05,3,0.007328776,3.76E-05,3,0.007660456,6.62E-05,3,0.007988272,3.70E-05
3.5,0.000592,0.00206284,3.5,0.000903529,0.000312806,3.5,0.001217582,0.060639944,3.5,0.001531115,0.00014357,3.5,0.001850191,0.0009664,3.5,0.002168713,0.00011943,3.5,0.002489681,0.003726001,3.5,0.002816278,4.30E-05,3.5,0.003145429,0.000333674,3.5,0.003470668,0.000102596,3.5,0.003801559,0.000694601,3.5,0.004138207,3.68E-05,3.5,0.004477341,0.000264906,3.5,0.004818997,7.34E-05,3.5,0.005149926,0.000265288,3.5,0.005496525,3.32E-05,3.5,0.005842276,0.000165328,3.5,0.006200716,5.72E-05,3.5,0.006544647,5.60E-05,3.5,0.006904728,3.54E-05,3.5,0.007253534,5.22E-05,3.5,0.007611662,3.57E-05,3.5,0.00797933,3.75E-05,3.5,0.008342444,3.27E-05,3.5,0.008715151,3.82E-05,3.5,0.009083294,3.43E-05
4,0.000670172,0.00201094,4,0.001025746,0.000344688,4,0.001377046,0.04238195,4,0.001730834,0.000117043,4,0.002094023,0.000891852,4,0.002452821,0.000135738,4,0.002810542,0.003678293,4,0.003177775,4.43E-05,4,0.003551132,0.000278264,4,0.003916246,8.13E-05,4,0.004287401,0.000531014,4,0.004664706,4.05E-05,4,0.00504449,0.000221518,4,0.005426794,6.35E-05,4,0.005796811,0.000168259,4,0.006184055,3.03E-05,4,0.006570058,9.29E-05,4,0.006969925,4.19E-05,4,0.007353321,4.27E-05,4,0.007758296,3.22E-05,4,0.008146557,3.32E-05,4,0.008544949,3.19E-05,4,0.008953665,3.22E-05,4,0.009357039,3.03E-05,4,0.009770784,3.46E-05,4,0.010179188,3.22E-05
4.5,0.000748293,0.001968308,4.5,0.001144878,0.000372633,4.5,0.001536406,0.038203145,4.5,0.001930421,0.000113786,4.5,0.002334615,0.000833843,4.5,0.002733606,0.000139875,4.5,0.003135098,0.002914051,4.5,0.003542964,4.01E-05,4.5,0.003957346,0.000226629,4.5,0.004362307,7.20E-05,4.5,0.004773698,0.000253975,4.5,0.0051876,3.47E-05,4.5,0.005612037,9.09E-05,4.5,0.006034961,4.27E-05,4.5,0.006444037,7.05E-05,4.5,0.006871896,3.22E-05,4.5,0.00729812,4.15E-05,4.5,0.007739383,3.35E-05,4.5,0.008166414,3.11E-05,4.5,0.008608583,2.89E-05,4.5,0.009040521,3.66E-05,4.5,0.009479147,3.21E-05,4.5,0.00992888,3.21E-05,4.5,0.010372483,3.22E-05,4.5,0.010827236,3.50E-05,4.5,0.011275868,3.08E-05
5,0.000826357,0.001918214,5,0.001263922,0.00032501,5,0.001695649,0.033333759,5,0.002134089,9.22E-05,5,0.002579281,0.00089653,5,0.003018488,0.000121643,5,0.003460196,0.002831115,5,0.003908663,3.73E-05,5,0.004359659,0.000179178,5,0.004808817,5.79E-05,5,0.005260411,0.000123335,5,0.00571894,3.22E-05,5,0.006179936,4.16E-05,5,0.006643447,3.59E-05,5,0.007096045,3.73E-05,5,0.00756451,3.03E-05,5,0.008030948,3.38E-05,5,0.008513597,2.95E-05,5,0.008980447,3.46E-05,5,0.009463551,3.28E-05,5,0.00993072,5.44E-05,5,0.010409524,3.13E-05,5,0.010904844,3.10E-05,5,0.011388698,3.37E-05,5,0.011884424,3.19E-05,5,0.012373235,3.02E-05
5.5,0.000904357,0.001807491,5.5,0.00138287,0.000276621,5.5,0.001859354,0.033037797,5.5,0.002333756,7.60E-05,5.5,0.002819888,0.000881483,5.5,0.003299254,0.000102605,5.5,0.003781121,0.002274723,5.5,0.004274845,3.88E-05,5.5,0.004766395,0.000115272,5.5,0.005255739,4.47E-05,5.5,0.005747503,4.85E-05,5.5,0.006246544,3.18E-05,5.5,0.006748144,3.57E-05,5.5,0.007257066,3.26E-05,5.5,0.007744135,3.25E-05,5.5,0.0082532,2.98E-05,5.5,0.008759793,4.13E-05,5.5,0.009288667,3.15E-05,5.5,0.009790376,3.18E-05,5.5,0.010319408,3.27E-05,5.5,0.010825911,4.37E-05,5.5,0.011349986,3.63E-05,5.5,0.011881587,3.09E-05,5.5,0.012405545,3.15E-05,5.5,0.012942265,3.14E-05,5.5,0.013476332,3.31E-05
6,0.000987224,0.00197064,6,0.001506672,0.000231432,6,0.002018716,0.02790505,6,0.002538254,6.84E-05,6,0.003065314,0.000616639,6,0.003584824,0.000106378,6,0.004106838,0.001330575,6,0.004636378,3.49E-05,6,0.005173559,8.73E-05,6,0.005703041,3.41E-05,6,0.006234938,3.72E-05,6,0.006774498,3.14E-05,6,0.007316618,6.29E-05,6,0.007866444,3.09E-05,6,0.008397737,4.48E-05,6,0.008947338,3.24E-05,6,0.009494071,5.65E-05,6,0.01006464,3.06E-05,6,0.010605707,3.34E-05,6,0.011176039,3.30E-05,6,0.011727307,3.12E-05,6,0.012286483,3.05E-05,6,0.012858985,2.94E-05,6,0.013428549,3.17E-05,6,0.014006191,3.24E-05,6,0.014575247,3.38E-05
6.5,0.00106547,0.001876778,6.5,0.00162579,0.000215147,6.5,0.002183297,0.020232879,6.5,0.00273794,7.91E-05,6.5,0.003305863,0.000550402,6.5,0.003870901,8.44E-05,6.5,0.00443302,0.001010019,6.5,0.00500305,3.89E-05,6.5,0.005581108,5.79E-05,6.5,0.006150688,3.50E-05,6.5,0.006722677,6.00E-05,6.5,0.007302715,3.36E-05,6.5,0.007890928,0.000102169,6.5,0.008481639,3.45E-05,6.5,0.009046596,4.29E-05,6.5,0.009642352,3.37E-05,6.5,0.010229182,4.34E-05,6.5,0.010841403,3.21E-05,6.5,0.011427544,3.23E-05,6.5,0.012039157,3.21E-05,6.5,0.012624338,3.27E-05,6.5,0.013223601,3.42E-05,6.5,0.013842812,2.88E-05,6.5,0.014446988,3.27E-05,6.5,0.015071386,3.49E-05,6.5,0.015680534,3.07E-05
7,0.001143636,0.001697553,7,0.001744784,0.000205472,7,0.002342729,0.016744543,7,0.002943204,5.65E-05,7,0.003551971,0.000451172,7,0.004157461,6.58E-05,7,0.004759644,0.000417781,7,0.00537012,3.03E-05,7,0.005989009,5.05E-05,7,0.006598644,3.72E-05,7,0.007210681,9.83E-05,7,0.007837131,3.11E-05,7,0.008466192,0.000107927,7,0.009097743,3.65E-05,7,0.009701593,4.27E-05,7,0.010338125,3.56E-05,7,0.01096507,3.41E-05,7,0.011618896,3.45E-05,7,0.012244633,3.39E-05,7,0.01289752,3.28E-05,7,0.013528158,4.10E-05,7,0.014167417,3.15E-05,7,0.014827919,3.20E-05,7,0.015472147,3.02E-05,7,0.016137695,3.05E-05,7,0.016786959,2.92E-05
7.5,0.001221714,0.001666789,7.5,0.001869771,0.000194051,7.5,0.002501981,0.013402846,7.5,0.003142847,5.39E-05,7.5,0.003798586,0.000285239,7.5,0.004438259,5.21E-05,7.5,0.005086681,0.000215192,7.5,0.005743828,3.19E-05,7.5,0.006403526,5.77E-05,7.5,0.007046875,4.07E-05,7.5,0.007705255,8.69E-05,7.5,0.008366138,3.19E-05,7.5,0.009035974,8.24E-05,7.5,0.009708293,4.01E-05,7.5,0.010357405,3.31E-05,7.5,0.011034756,3.12E-05,7.5,0.011701677,3.21E-05,7.5,0.012397057,3.31E-05,7.5,0.013062404,3.49E-05,7.5,0.013763014,3.37E-05,7.5,0.014426694,5.27E-05,7.5,0.015112548,3.06E-05,7.5,0.015814226,3.28E-05,7.5,0.016498457,2.84E-05,7.5,0.017205171,3.18E-05,7.5,0.017901137,3.28E-05
8,0.0012997,0.001410005,8,0.001988878,0.00019354,8,0.002667581,0.011165287,8,0.003348811,4.65E-05,8,0.004039101,0.000169092,8,0.00472533,4.13E-05,8,0.00541407,5.60E-05,8,0.006111992,3.34E-05,8,0.006812426,7.08E-05,8,0.007501993,4.06E-05,8,0.008194065,7.31E-05,8,0.008902038,3.01E-05,8,0.009612558,5.51E-05,8,0.010325683,3.60E-05,8,0.011013981,3.30E-05,8,0.011732032,3.15E-05,8,0.012445818,4.82E-05,8,0.013182726,3.36E-05,8,0.013887655,3.22E-05,8,0.014622839,3.22E-05,8,0.015332655,3.68E-05,8,0.016058855,3.34E-05,8,0.016801656,3.29E-05,8,0.017532881,3.12E-05,8,0.018280729,3.53E-05,8,0.019017055,2.90E-05
8.5,0.001384463,0.001268766,8.5,0.002107834,0.000150373,8.5,0.002833754,0.006897206,8.5,0.003555297,5.06E-05,8.5,0.004286281,0.00011518,8.5,0.005012815,3.79E-05,8.5,0.005741847,3.55E-05,8.5,0.006480467,3.14E-05,8.5,0.007221581,7.47E-05,8.5,0.007951051,3.58E-05,8.5,0.008690144,5.82E-05,8.5,0.009438811,3.06E-05,8.5,0.010190021,3.17E-05,8.5,0.010943837,3.22E-05,8.5,0.011678481,4.24E-05,8.5,0.012429997,2.98E-05,8.5,0.013184074,5.41E-05,8.5,0.013962428,3.56E-05,8.5,0.014714172,3.10E-05,8.5,0.015490435,3.36E-05,8.5,0.01623977,3.34E-05,8.5,0.017006262,3.54E-05,8.5,0.017790129,3.68E-05,8.5,0.018561637,2.94E-05,8.5,0.019357994,3.72E-05,8.5,0.020127143,3.39E-05
9,0.001462632,0.00113849,9,0.002233918,0.000127635,9,0.002993172,0.00492217,9,0.00375495,3.62E-05,9,0.004533911,4.74E-05,9,0.005300694,3.50E-05,9,0.006070025,9.72E-05,9,0.006849222,3.29E-05,9,0.007638418,8.45E-05,9,0.008407825,3.31E-05,9,0.009187109,4.02E-05,9,0.009976414,3.18E-05,9,0.010768329,3.45E-05,9,0.011570282,3.33E-05,9,0.012336813,3.80E-05,9,0.013136251,3.21E-05,9,0.013930524,4.74E-05,9,0.014750287,3.35E-05,9,0.015541956,3.02E-05,9,0.016359172,3.04E-05,9,0.017155716,3.74E-05,9,0.017962506,3.51E-05,9,0.018787362,3.43E-05,9,0.019599118,3.23E-05,9,0.020429102,3.45E-05,9,0.021245884,2.97E-05
9.5,0.001540688,0.001068124,9.5,0.00235293,0.000107499,9.5,0.003160061,0.003668972,9.5,0.003962031,3.50E-05,9.5,0.004781967,3.15E-05,9.5,0.005588941,3.40E-05,9.5,0.006398405,0.000173653,9.5,0.007226047,3.29E-05,9.5,0.008048376,7.39E-05,9.5,0.008865373,3.32E-05,9.5,0.00968492,3.19E-05,9.5,0.010514801,2.96E-05,9.5,0.011347217,4.81E-05,9.5,0.012190187,3.41E-05,9.5,0.01299575,4.74E-05,9.5,0.013835686,2.99E-05,9.5,0.014678152,3.96E-05,9.5,0.015539341,3.38E-05,9.5,0.016370742,3.26E-05,9.5,0.017237007,3.04E-05,9.5,0.018065314,3.52E-05,9.5,0.018912233,3.40E-05,9.5,0.019786168,2.86E-05,9.5,0.020638154,3.12E-05,9.5,0.021517296,3.29E-05,9.5,0.02237426,3.22E-05
10,0.001626664,0.001066822,10,0.002479823,0.000103339,10,0.003319397,0.002145002,10,0.004169568,3.53E-05,10,0.005030433,4.97E-05,10,0.005885692,4.22E-05,10,0.006735305,0.00024651,10,0.007595662,3.34E-05,10,0.008466722,5.75E-05,10,0.009315602,3.07E-05,10,0.010183538,4.17E-05,10,0.011053933,3.10E-05,10,0.011935183,6.48E-05,10,0.012810735,3.79E-05,10,0.013663615,3.42E-05,10,0.01454407,3.26E-05,10,0.015427052,3.49E-05,10,0.016329526,3.17E-05,10,0.017200662,3.05E-05,10,0.0181082,3.07E-05,10,0.018984367,3.28E-05,10,0.019871417,3.10E-05,10,0.020786635,3.68E-05,10,0.021678786,3.38E-05,10,0.02259916,3.16E-05,10,0.023496235,3.12E-05
10.5,0.001704865,0.000969157,10.5,0.002598853,8.48E-05,10.5,0.003486951,0.000979238,10.5,0.00437758,3.15E-05,10.5,0.005279285,8.62E-05,10.5,0.006174995,4.35E-05,10.5,0.007064669,0.000261002,10.5,0.007974059,3.32E-05,10.5,0.008885965,4.72E-05,10.5,0.00977453,3.28E-05,10.5,0.010682921,5.15E-05,10.5,0.011593763,3.10E-05,10.5,0.012515841,7.26E-05,10.5,0.013440492,3.26E-05,10.5,0.01433275,3.66E-05,10.5,0.015253659,3.03E-05,10.5,0.016177088,4.67E-05,10.5,0.01712961,3.38E-05,10.5,0.018040438,3.48E-05,10.5,0.018989203,3.23E-05,10.5,0.019905005,3.26E-05,10.5,0.020832168,3.15E-05,10.5,0.021788599,3.17E-05,10.5,0.022729692,3.05E-05,10.5,0.023682382,3.23E-05,10.5,0.024628522,3.38E-05
11,0.001782937,0.000862931,11,0.002726515,6.91E-05,11,0.003655007,0.000490896,11,0.004586062,3.06E-05,11,0.005528505,0.000120454,11,0.006464597,4.65E-05,11,0.007394263,0.000287272,11,0.008344412,3.47E-05,11,0.00929707,3.71E-05,11,0.010234253,3.63E-05,11,0.011182958,6.08E-05,11,0.01214332,2.84E-05,11,0.01310618,5.48E-05,11,0.014071607,3.43E-05,11,0.015003056,3.25E-05,11,0.015964392,3.23E-05,11,0.016928199,4.36E-05,11,0.017922167,3.20E-05,11,0.018872675,3.20E-05,11,0.019871836,3.27E-05,11,0.020827215,3.28E-05,11,0.021794322,2.94E-05,11,0.022801313,3.28E-05,11,0.023773435,3.19E-05,11,0.024776168,3.20E-05,11,0.02576269,2.98E-05
11.5,0.001870063,0.00070568,11.5,0.002845524,6.32E-05,11.5,0.003823556,0.000193749,11.5,0.004794895,3.17E-05,11.5,0.005778073,0.000184477,11.5,0.006754475,4.50E-05,11.5,0.007733397,0.000240427,11.5,0.008724198,3.10E-05,11.5,0.00971762,3.79E-05,11.5,0.010694733,3.84E-05,11.5,0.011683748,5.58E-05,11.5,0.012684802,2.97E-05,11.5,0.013688345,4.86E-05,11.5,0.014703954,2.88E-05,11.5,0.015674535,3.76E-05,11.5,0.016685764,3.04E-05,11.5,0.017680324,4.96E-05,11.5,0.018725341,3.25E-05,11.5,0.019715319,3.20E-05,11.5,0.020756026,3.26E-05,11.5,0.021750944,3.76E-05,11.5,0.022767662,3.01E-05,11.5,0.023806324,3.30E-05,11.5,0.024828181,2.80E-05,11.5,0.025871991,3.27E-05,11.5,0.026889024,3.28E-05
12,0.001948241,0.000640743,12,0.002973914,4.97E-05,12,0.003982958,0.00018296,12,0.005004165,3.35E-05,12,0.006027969,0.000211068,12,0.0070543,4.59E-05,12,0.008063759,0.000134026,12,0.009104973,3.32E-05,12,0.010138963,4.98E-05,12,0.011165724,3.56E-05,12,0.012185182,5.70E-05,12,0.01323669,3.29E-05,12,0.014280864,3.27E-05,12,0.015337483,3.22E-05,12,0.016347234,3.88E-05,12,0.017398999,2.72E-05,12,0.01844336,4.42E-05,12,0.019530192,3.00E-05,12,0.020559693,3.47E-05,12,0.0216417,3.31E-05,12,0.022676081,3.31E-05,12,0.023743193,2.76E-05,12,0.024822858,3.16E-05,12,0.025884867,3.21E-05,12,0.026979919,3.30E-05,12,nan,nan
12.5,0.00202627,0.000525584,12.5,0.003102843,5.09E-05,12.5,0.00415206,0.000394284,12.5,0.005213818,3.33E-05,12.5,0.006288222,0.000239135,12.5,0.007345041,4.71E-05,12.5,0.008404372,8.60E-05,12.5,0.009486461,3.21E-05,12.5,0.010561064,6.01E-05,12.5,0.011627986,3.45E-05,12.5,0.012697414,4.49E-05,12.5,0.013779568,3.25E-05,12.5,0.01487459,3.35E-05,12.5,0.015972137,3.21E-05,12.5,0.017020816,3.64E-05,12.5,0.018123438,3.09E-05,12.5,0.01920805,3.13E-05,12.5,0.020336541,2.53E-05,12.5,0.021415776,3.37E-05,12.5,0.022539113,3.21E-05,12.5,0.023612903,3.37E-05,12.5,0.024710093,3.06E-05,12.5,0.025841149,3.05E-05,12.5,0.026953823,3.28E-05,12.5,0.028079569,3.30E-05,12.5,nan,nan
13,0.002114482,0.000546954,13,0.003221937,4.22E-05,13,0.004321611,0.000668084,13,0.00542384,3.42E-05,13,0.00653909,0.000263641,13,0.007646446,3.84E-05,13,0.008745873,4.21E-05,13,0.00985831,3.11E-05,13,0.01099436,6.04E-05,13,0.01209089,3.43E-05,13,0.013210971,3.92E-05,13,0.0143336,3.17E-05,13,0.015469402,4.18E-05,13,0.016607799,3.25E-05,13,0.017706086,3.76E-05,13,0.01883893,2.98E-05,13,0.019974252,3.26E-05,13,0.021144356,2.94E-05,13,0.022263289,3.26E-05,13,0.023427845,3.32E-05,13,0.024551823,3.02E-05,13,0.025699859,2.83E-05,13,0.026861296,3.22E-05,13,0.028014425,3.11E-05,13,0.029191916,3.11E-05,13,nan,nan
13.5,0.002192577,0.000457779,13.5,0.003351529,4.39E-05,13.5,0.004491594,0.001164149,13.5,0.005634209,3.04E-05,13.5,0.006790223,0.000235649,13.5,0.007937954,3.27E-05,13.5,0.009088232,3.13E-05,13.5,0.010241057,3.20E-05,13.5,0.011418251,7.37E-05,13.5,0.012565333,3.19E-05,13.5,0.013714849,3.72E-05,13.5,0.014888825,3.28E-05,13.5,0.016065392,4.73E-05,13.5,0.017255578,3.17E-05,13.5,0.018382127,3.46E-05,13.5,0.019566351,3.46E-05,13.5,0.020742057,4.05E-05,13.5,0.02195368,3.45E-05,13.5,0.023112222,3.00E-05,13.5,0.024329149,3.08E-05,13.5,0.025492679,3.48E-05,13.5,0.026681091,3.11E-05,13.5,0.027894527,3.20E-05,13.5,0.029088043,2.93E-05,13.5,0.030306751,3.35E-05,13.5,nan,nan
14,0.002281605,0.000373617,14,0.003481629,3.34E-05,14,0.004661999,0.001417108,14,0.005844913,3.27E-05,14,0.007052797,0.000220967,14,0.008240838,3.71E-05,14,0.009431422,4.73E-05,14,0.010635815,3.05E-05,14,0.011842858,7.17E-05,14,0.013029786,3.24E-05,14,0.014230543,4.20E-05,14,0.0154452,3.15E-05,14,0.016673905,4.92E-05,14,0.017893745,3.21E-05,14,0.019070422,3.80E-05,14,0.020295325,3.24E-05,14,0.021511407,3.79E-05,14,0.022764453,3.22E-05,14,0.023974043,3.23E-05,14,0.025232335,3.09E-05,14,0.026435485,3.38E-05,14,0.027664178,3.01E-05,14,0.028918649,3.32E-05,14,0.030164084,3.45E-05,14,0.031423857,3.36E-05,14,nan,nan
14.5,0.00235974,0.000301328,14.5,0.003600719,3.23E-05,14.5,0.004832806,0.002031427,14.5,0.006055929,3.27E-05,14.5,0.007304775,0.000207863,14.5,0.008544613,3.57E-05,14.5,0.009763788,8.06E-05,14.5,0.011020392,3.09E-05,14.5,0.01226802,5.64E-05,14.5,0.013506459,2.96E-05,14.5,0.01474743,4.82E-05,14.5,0.016002759,3.40E-05,14.5,0.017272341,4.43E-05,14.5,0.018544547,3.40E-05,14.5,0.019760298,3.93E-05,14.5,0.021025878,2.77E-05,14.5,0.022293934,3.75E-05,14.5,0.023588335,3.47E-05,14.5,0.024837816,3.35E-05,14.5,0.026137485,3.40E-05,14.5,0.02739194,3.22E-05,14.5,0.028660847,3.01E-05,14.5,0.029956387,3.39E-05,14.5,0.031242399,3.01E-05,14.5,0.032555083,3.14E-05,14.5,nan,nan
15,0.002449552,0.000262664,15,0.003731415,3.68E-05,15,0.005004003,0.00203687,15,0.006267242,3.20E-05,15,0.007556956,0.000134925,15,0.008837274,3.41E-05,15,0.01010817,0.00010057,15,0.011405644,3.05E-05,15,0.01270581,4.76E-05,15,0.013984375,3.22E-05,15,0.015265465,4.73E-05,15,0.0165612,3.27E-05,15,0.017871733,3.52E-05,15,0.019184794,3.22E-05,15,0.020451697,3.57E-05,15,0.021769892,3.33E-05,15,0.023066306,3.23E-05,15,0.024414204,3.14E-05,15,0.02570336,3.45E-05,15,0.027044235,3.01E-05,15,0.02833851,3.41E-05,15,0.029659872,3.15E-05,15,0.030996175,3.33E-05,15,0.032322672,3.49E-05,15,0.033676689,3.31E-05,15,nan,nan
15.5,0.002527698,0.000248948,15.5,0.003862584,3.36E-05,15.5,0.005175574,0.002525507,15.5,0.006491139,3.08E-05,15.5,0.007821608,8.88E-05,15.5,0.009142373,3.28E-05,15.5,0.010465671,0.000120452,15.5,0.011803943,3.11E-05,15.5,0.01314483,3.54E-05,15.5,0.014463429,3.26E-05,15.5,0.015784604,4.43E-05,15.5,0.01713323,3.18E-05,15.5,0.018484467,3.08E-05,15.5,0.019838314,3.44E-05,15.5,0.021144484,3.28E-05,15.5,0.022503519,3.36E-05,15.5,0.023852467,4.01E-05,15.5,0.0252419,3.26E-05,15.5,0.026570697,3.14E-05,15.5,0.027965407,3.17E-05,15.5,0.029299312,3.65E-05,15.5,0.030661071,3.48E-05,15.5,0.032050905,3.21E-05,15.5,0.03341781,3.41E-05,15.5,0.034812902,3.33E-05,15.5,nan,nan
16,0.002618264,0.000158096,16,0.003981576,3.60E-05,16,0.005347506,0.002333875,16,0.006703367,3.42E-05,16,0.00808721,5.65E-05,16,0.009448266,3.67E-05,16,0.010811882,0.000136834,16,0.012190823,3.00E-05,16,0.013572373,3.05E-05,16,0.014930876,3.12E-05,16,0.016317592,4.23E-05,16,0.017706969,3.21E-05,16,0.01909889,3.43E-05,16,0.020493413,3.27E-05,16,0.021851693,3.67E-05,16,0.023238373,3.37E-05,16,0.024640666,3.44E-05,16,0.026071525,3.17E-05,16,0.027452899,3.31E-05,16,0.028889043,3.29E-05,16,0.030262416,3.16E-05,16,0.031664468,3.20E-05,16,0.033108551,3.35E-05,16,0.034515754,3.28E-05,16,0.03595187,3.21E-05,16,nan,nan
16.5,0.00269652,0.000147262,16.5,0.004113277,3.89E-05,16.5,0.005519783,0.002762625,16.5,0.006915837,3.29E-05,16.5,0.008340617,4.07E-05,16.5,0.009754943,3.87E-05,16.5,0.011158773,0.000119293,16.5,0.012578279,2.91E-05,16.5,0.014013566,3.64E-05,16.5,0.015425096,3.33E-05,16.5,0.016839237,3.69E-05,16.5,0.018269114,3.11E-05,16.5,0.019714864,4.11E-05,16.5,0.021163256,3.11E-05,16.5,0.022547672,3.59E-05,16.5,0.024001299,3.20E-05,16.5,0.025430745,3.76E-05,16.5,0.026916314,3.07E-05,16.5,0.028337518,3.11E-05,16.5,0.029814986,3.08E-05,16.5,0.031227877,3.20E-05,16.5,0.032683598,3.33E-05,16.5,0.034155417,3.08E-05,16.5,0.035616325,3.07E-05,16.5,0.037106937,3.24E-05,16.5,nan,nan
17,0.00278781,0.000132044,17,0.004245415,4.26E-05,17,0.005692389,0.002290767,17,0.007141964,3.54E-05,17,0.008607596,3.15E-05,17,0.010062393,3.42E-05,17,0.011506282,8.86E-05,17,0.012979805,3.28E-05,17,0.014455942,4.55E-05,17,0.015907561,3.61E-05,17,0.017361725,3.44E-05,17,0.018845684,3.53E-05,17,0.020332334,3.84E-05,17,0.021821561,3.40E-05,17,0.023258629,3.67E-05,17,0.024739304,3.29E-05,17,0.026222562,3.46E-05,17,0.027749711,3.06E-05,17,0.029224472,3.11E-05,17,0.03074315,3.23E-05,17,0.032209133,3.22E-05,17,0.033705328,3.39E-05,17,0.035231875,3.10E-05,17,0.036733264,3.09E-05,17,0.038265167,3.27E-05,17,nan,nan
17.5,0.002879638,9.56E-05,17.5,0.004378065,4.28E-05,17.5,0.00586531,0.002415015,17.5,0.007355235,3.53E-05,17.5,0.008875417,4.28E-05,17.5,0.010370574,4.05E-05,17.5,0.011854474,8.20E-05,17.5,0.013382589,3.33E-05,17.5,0.014899459,5.04E-05,17.5,0.016391059,3.71E-05,17.5,0.017899237,3.78E-05,17.5,0.019423926,3.48E-05,17.5,0.020951246,3.69E-05,17.5,0.022495242,3.39E-05,17.5,0.023971632,3.71E-05,17.5,0.025506754,3.26E-05,17.5,0.027030379,3.45E-05,17.5,0.028599008,2.82E-05,17.5,0.030113775,3.01E-05,17.5,0.031673543,3.28E-05,17.5,0.033179114,3.23E-05,17.5,0.034715636,3.11E-05,17.5,0.036297612,3.20E-05,17.5,0.037839331,3.12E-05,17.5,0.039426547,3.58E-05,17.5,nan,nan
18,0.002957884,9.18E-05,18,0.004510954,3.91E-05,18,0.006038531,0.00187271,18,0.007582873,3.43E-05,18,0.009129849,7.27E-05,18,0.010679485,4.63E-05,18,0.012217474,6.70E-05,18,0.013772313,3.49E-05,18,0.015344079,6.02E-05,18,0.01688987,3.29E-05,18,0.018438303,4.58E-05,18,0.020003612,3.19E-05,18,0.021571543,3.31E-05,18,0.023156514,3.39E-05,18,0.024686457,3.14E-05,18,0.026262189,3.24E-05,18,0.027826044,3.46E-05,18,0.02945053,3.74E-05,18,0.031005164,3.32E-05,18,0.03262047,3.34E-05,18,0.034180129,3.57E-05,18,0.035756911,3.27E-05,18,0.037365623,3.06E-05,18,0.038962222,3.41E-05,18,0.04059079,3.39E-05,18,nan,nan
18.5,0.003035767,8.81E-05,18.5,0.00464433,4.67E-05,18.5,0.006226562,0.001595031,18.5,0.007796869,3.31E-05,18.5,0.009398905,9.21E-05,18.5,0.011003613,3.85E-05,18.5,0.012581776,4.60E-05,18.5,0.014177122,3.42E-05,18.5,0.015804433,5.69E-05,18.5,0.017375671,3.55E-05,18.5,0.018978871,4.27E-05,18.5,0.020584684,3.38E-05,18.5,0.022207937,3.02E-05,18.5,0.023833787,3.18E-05,18.5,0.02540303,3.53E-05,18.5,0.027019258,3.13E-05,18.5,0.028638091,3.87E-05,18.5,0.030304193,3.03E-05,18.5,0.031898551,3.39E-05,18.5,0.033570021,3.12E-05,18.5,0.035154476,3.29E-05,18.5,0.036786336,3.45E-05,18.5,0.038450808,3.13E-05,18.5,0.040087906,3.25E-05,18.5,0.041757782,3.09E-05,18.5,nan,nan
19,0.003128544,8.46E-05,19,0.004778095,4.85E-05,19,0.006400706,0.001565847,19,0.008025936,3.40E-05,19,0.009668729,0.00012553,19,0.011314186,4.04E-05,19,0.01293235,6.23E-05,19,0.014583077,3.24E-05,19,0.016236464,5.33E-05,19,0.017862374,3.44E-05,19,0.019521095,3.80E-05,19,0.021182395,3.06E-05,19,0.022846347,3.25E-05,19,0.024512951,3.41E-05,19,0.026121458,3.45E-05,19,0.027793344,3.08E-05,19,0.029452554,3.26E-05,19,0.031175395,3.10E-05,19,0.032809327,3.15E-05,19,0.034522334,3.03E-05,19,0.036161422,3.52E-05,19,0.037833663,3.20E-05,19,0.039539248,3.02E-05,19,0.041232112,3.23E-05,19,0.042927705,3.34E-05,19,nan,nan
19.5,0.003221684,9.33E-05,19.5,0.004912282,4.70E-05,19.5,0.006575101,0.001005419,19.5,0.00825587,3.24E-05,19.5,0.009939295,0.000159142,19.5,0.011625376,3.64E-05,19.5,0.013298781,7.78E-05,19.5,0.015005527,3.15E-05,19.5,0.016699559,4.21E-05,19.5,0.018365368,3.32E-05,19.5,0.020064648,3.73E-05,19.5,0.021766638,3.16E-05,19.5,0.023471202,3.50E-05,19.5,0.025209473,3.29E-05,19.5,0.026857143,3.48E-05,19.5,0.02856958,3.37E-05,19.5,0.030269128,3.24E-05,19.5,0.032033691,3.25E-05,19.5,0.033722773,3.45E-05,19.5,0.035477092,3.30E-05,19.5,0.037171339,3.50E-05,19.5,0.038883928,3.32E-05,19.5,0.040630499,3.41E-05,19.5,0.04236397,3.20E-05,19.5,nan,nan,19.5,nan,nan
20,0.00329973,0.00010025,20,0.005046834,4.62E-05,20,0.006765369,0.000787694,20,0.00848665,2.98E-05,20,0.010210579,0.000171497,20,0.011937154,3.34E-05,20,0.013666374,7.51E-05,20,0.015398269,3.15E-05,20,0.01716433,3.27E-05,20,0.01886991,3.14E-05,20,0.020609689,3.72E-05,20,0.022352171,3.54E-05,20,0.024128968,3.18E-05,20,0.025876693,3.43E-05,20,0.027595202,3.81E-05,20,0.029348139,3.46E-05,20,0.031103786,3.73E-05,20,0.032893963,3.17E-05,20,0.034638801,3.36E-05,20,0.036450389,3.13E-05,20,0.038184401,3.02E-05,20,0.039937117,2.90E-05,20,0.041740654,3.63E-05,20,0.043514623,3.63E-05,20,nan,nan,20,nan,nan
20.5,0.003409432,0.000109252,20.5,0.00518169,4.70E-05,20.5,0.006940588,0.00059526,20.5,0.008702226,3.21E-05,20.5,0.010498605,0.000193344,20.5,0.012265567,3.01E-05,20.5,0.014019066,9.76E-05,20.5,0.015823553,3.46E-05,20.5,0.017614585,3.06E-05,20.5,0.019375953,3.32E-05,20.5,0.021156098,3.26E-05,20.5,0.022955087,3.51E-05,20.5,0.024756814,3.38E-05,20.5,0.026577412,3.51E-05,20.5,0.028319271,3.26E-05,20.5,0.030128867,3.62E-05,20.5,0.031924789,3.47E-05,20.5,0.033788779,3.40E-05,20.5,0.035557327,3.38E-05,20.5,0.037410367,3.44E-05,20.5,0.039200423,3.13E-05,20.5,0.041009498,3.28E-05,20.5,0.042854143,2.98E-05,20.5,0.04466856,3.19E-05,20.5,nan,nan,20.5,nan,nan
21,0.0034877,0.000118888,21,0.005316783,4.74E-05,21,0.007116012,0.000399956,21,0.008934264,3.20E-05,21,0.010771612,0.000152463,21,0.012595244,3.19E-05,21,0.014405084,0.000100257,21,0.016234038,3.33E-05,21,0.018082177,3.90E-05,21,0.019883448,3.65E-05,21,0.021703821,4.45E-05,21,0.023559982,3.54E-05,21,0.025418854,3.59E-05,21,0.027280436,3.46E-05,21,0.02906144,3.55E-05,21,0.030911634,2.99E-05,21,0.032747779,3.77E-05,21,0.03465349,3.32E-05,21,0.036494938,3.35E-05,21,0.038389316,3.35E-05,21,0.040219237,3.35E-05,21,0.042068532,3.07E-05,21,0.043970966,2.98E-05,21,0.045842395,3.38E-05,21,nan,nan,21,nan,nan
21.5,0.003565704,0.000135163,21.5,0.005452403,4.52E-05,21.5,0.007308357,0.00026954,21.5,0.009167083,3.34E-05,21.5,0.011062041,0.00012166,21.5,0.012909345,3.30E-05,21.5,0.014759267,8.82E-05,21.5,0.016645544,3.42E-05,21.5,0.018534493,3.89E-05,21.5,0.020392346,3.25E-05,21.5,0.022269735,4.59E-05,21.5,0.024166799,3.18E-05,21.5,0.02606649,3.59E-05,21.5,0.027985879,3.33E-05,21.5,0.029822905,3.32E-05,21.5,0.031713572,3.38E-05,21.5,0.033606971,3.21E-05,21.5,0.035554202,3.34E-05,21.5,0.037435751,3.16E-05,21.5,0.039388456,3.04E-05,21.5,0.041241051,3.00E-05,21.5,0.043147603,3.03E-05,21.5,0.045091213,3.36E-05,21.5,0.047020314,3.49E-05,21.5,nan,nan,21.5,nan,nan
22,0.003677529,0.000158386,22,0.005588234,4.28E-05,22,0.0075016,0.000234102,22,0.009400657,3.17E-05,22,0.011336664,9.16E-05,22,0.013241086,3.03E-05,22,0.015148163,7.52E-05,22,0.01707511,3.31E-05,22,0.019004757,4.65E-05,22,0.020919835,3.10E-05,22,0.022837561,3.67E-05,22,0.024775244,3.28E-05,22,0.026715619,3.49E-05,22,0.028693405,3.40E-05,22,0.030569684,3.50E-05,22,0.03251807,2.93E-05,22,0.034451707,3.18E-05,22,0.036457803,3.33E-05,22,0.038379319,3.28E-05,22,0.040373433,3.35E-05,22,0.042282677,3.13E-05,22,0.044229554,3.11E-05,22,0.04623178,3.49E-05,22,0.048201571,3.21E-05,22,nan,nan,22,nan,nan
22.5,0.003755707,0.000179787,22.5,0.005741799,3.95E-05,22.5,0.007695722,0.000232604,22.5,0.009634966,3.34E-05,22.5,0.011611874,6.63E-05,22.5,0.013573993,3.10E-05,22.5,0.015521251,7.46E-05,22.5,0.017506309,3.40E-05,22.5,0.019476534,4.79E-05,22.5,0.02144941,3.24E-05,22.5,0.023389671,3.85E-05,22.5,0.025403217,3.13E-05,22.5,0.027384143,3.58E-05,22.5,0.029403193,3.39E-05,22.5,0.031318595,2.90E-05,22.5,0.0333075,3.02E-05,22.5,0.035299077,3.32E-05,22.5,0.037364597,3.28E-05,22.5,0.039325924,3.20E-05,22.5,0.041361286,3.12E-05,22.5,0.04332792,3.42E-05,22.5,0.045332873,3.19E-05,22.5,0.047376359,3.35E-05,22.5,0.049386676,3.44E-05,22.5,nan,nan,22.5,nan,nan
23,0.003851205,0.000227688,23,0.005860674,4.05E-05,23,0.007855064,0.000328554,23,0.009869986,3.27E-05,23,0.011887643,4.53E-05,23,0.013890141,3.60E-05,23,0.015895322,5.80E-05,23,0.017939063,3.14E-05,23,0.019967614,4.55E-05,23,0.021962915,3.21E-05,23,0.023978854,3.32E-05,23,0.026015499,3.24E-05,23,0.028054864,3.68E-05,23,0.030115048,3.23E-05,23,0.032087435,3.09E-05,23,0.034134866,3.34E-05,23,0.036166852,3.35E-05,23,0.038274212,3.35E-05,23,0.040275204,3.38E-05,23,0.042388115,3.17E-05,23,0.044394366,3.35E-05,23,0.046439721,3.55E-05,23,0.048524319,3.32E-05,23,0.050575015,3.32E-05,23,nan,nan,23,nan,nan
23.5,0.003947457,0.000210997,23.5,0.006015518,4.52E-05,23.5,0.008050165,0.000391928,23.5,0.010105693,3.56E-05,23.5,0.012182172,3.71E-05,23.5,0.014243171,3.76E-05,23.5,0.016288615,6.09E-05,23.5,0.018373363,3.25E-05,23.5,0.020460835,3.91E-05,23.5,0.022477682,3.29E-05,23.5,0.024552208,3.32E-05,23.5,0.026629445,3.40E-05,23.5,0.028727807,3.61E-05,23.5,0.030828987,3.58E-05,23.5,0.032858983,3.44E-05,23.5,0.034965496,3.26E-05,23.5,0.037037728,3.76E-05,23.5,0.03918676,3.22E-05,23.5,0.041227258,3.29E-05,23.5,0.043381897,3.30E-05,23.5,0.045446237,3.34E-05,23.5,0.047550437,3.11E-05,23.5,0.049675977,3.48E-05,23.5,0.051804248,3.40E-05,23.5,nan,nan,23.5,nan,nan
24,0.004025474,0.000245559,24,0.006171448,4.17E-05,24,0.008246086,0.000532112,24,0.010360624,3.34E-05,24,0.012477924,3.37E-05,24,0.014560766,3.75E-05,24,0.016683534,6.76E-05,24,0.018809058,3.42E-05,24,0.020937334,3.42E-05,24,0.023030962,3.31E-05,24,0.025127247,4.26E-05,24,0.027263668,3.49E-05,24,0.029402834,3.50E-05,24,0.031563542,3.26E-05,24,0.03361409,3.36E-05,24,0.035761377,3.41E-05,24,0.037911398,3.37E-05,24,0.040101995,3.30E-05,24,0.042219683,3.68E-05,24,0.044415778,3.06E-05,24,0.046500888,3.13E-05,24,0.048664494,3.17E-05,24,0.050868851,3.36E-05,24,0.052999865,3.48E-05,24,nan,nan,24,nan,nan
24.5,0.004140873,0.000249796,24.5,0.006290445,3.79E-05,24.5,0.008442808,0.000637032,24.5,0.010597992,3.39E-05,24.5,0.012755927,4.66E-05,24.5,0.01491661,3.91E-05,24.5,0.01704206,7.42E-05,24.5,0.019246211,3.39E-05,24.5,0.021415158,3.36E-05,24.5,0.023548684,3.34E-05,24.5,0.025723023,3.98E-05,24.5,0.027900096,3.36E-05,24.5,0.030079901,3.44E-05,24.5,0.03230075,3.27E-05,24.5,0.034409336,3.55E-05,24.5,0.036597335,3.26E-05,24.5,0.038787993,3.42E-05,24.5,0.041039128,3.17E-05,24.5,0.043196743,3.22E-05,24.5,0.04545348,3.26E-05,24.5,0.047577804,3.22E-05,24.5,0.049782112,3.08E-05,24.5,0.052027794,3.47E-05,24.5,0.054218092,3.44E-05,24.5,nan,nan,24.5,nan,nan
25,0.004218981,0.000265995,25,0.006447501,3.47E-05,25,0.00864031,0.00074069,25,0.010835976,3.31E-05,25,0.013072973,5.48E-05,25,0.015274162,3.52E-05,25,0.017439397,7.99E-05,25,0.019684779,3.16E-05,25,0.02189416,3.75E-05,25,0.024106269,3.27E-05,25,0.026321104,3.59E-05,25,0.028538661,3.35E-05,25,0.030797914,3.20E-05,25,0.033021026,3.31E-05,25,0.035207708,3.26E-05,25,0.037436127,3.26E-05,25,0.039667257,3.64E-05,25,0.041979525,3.34E-05,25,0.044176987,3.15E-05,25,0.046494898,3.26E-05,25,0.048697625,2.88E-05,25,0.050942362,3.23E-05,25,0.053229247,3.32E-05,25,nan,nan,25,nan,nan,25,nan,nan
25.5,0.004335872,0.000289031,25.5,0.006605321,3.91E-05,25.5,0.00883857,0.000860066,25.5,0.011074549,3.55E-05,25.5,0.013352556,7.74E-05,25.5,0.015594035,3.63E-05,25.5,0.017838237,7.28E-05,25.5,0.020124603,3.49E-05,25.5,0.022413783,3.61E-05,25.5,0.024626693,3.30E-05,25.5,0.026921396,3.91E-05,25.5,0.029179269,3.14E-05,25.5,0.031479533,3.54E-05,25.5,0.033782622,3.43E-05,25.5,0.036008926,3.38E-05,25.5,0.038277661,3.37E-05,25.5,0.040588969,3.26E-05,25.5,0.04294299,3.22E-05,25.5,0.045179983,3.30E-05,25.5,0.047539625,3.22E-05,25.5,0.049781949,3.18E-05,25.5,0.052066976,3.24E-05,25.5,0.054435004,3.01E-05,25.5,nan,nan,25.5,nan,nan,25.5,nan,nan
26,0.004414036,0.000292721,26,0.006724422,3.42E-05,26,0.009037569,0.000866665,26,0.011313691,3.64E-05,26,0.013652534,9.81E-05,26,0.015954183,3.65E-05,26,0.018238539,6.34E-05,26,0.020565752,3.35E-05,26,0.022895766,4.03E-05,26,0.025188366,3.11E-05,26,0.027483632,3.64E-05,26,0.029821936,3.34E-05,26,0.032203419,3.18E-05,26,0.03454735,3.54E-05,26,0.0368131,3.21E-05,26,0.039162504,3.22E-05,26,0.04147417,3.34E-05,26,0.043869707,3.31E-05,26,0.046186768,3.22E-05,26,0.04858795,3.21E-05,26,0.050869688,3.31E-05,26,0.053235637,3.08E-05,26,0.055645215,3.19E-05,26,nan,nan,26,nan,nan,26,nan,nan
26.5,0.004532374,0.000316628,26.5,0.006883455,3.30E-05,26.5,0.009237283,0.00089496,26.5,0.011594032,3.62E-05,26.5,0.01395358,9.65E-05,26.5,0.016315924,3.65E-05,26.5,0.018640261,6.27E-05,26.5,0.021008142,3.51E-05,26.5,0.02341971,4.03E-05,26.5,0.025752267,2.99E-05,26.5,0.028128536,3.61E-05,26.5,0.030507553,3.24E-05,26.5,0.032889349,3.14E-05,26.5,0.035315057,3.11E-05,26.5,0.037620079,3.18E-05,26.5,0.040010145,3.78E-05,26.5,0.042402978,3.59E-05,26.5,0.044839903,3.18E-05,26.5,0.047196989,3.31E-05,26.5,0.049639527,3.39E-05,26.5,0.052001977,3.28E-05,26.5,0.054408603,3.39E-05,26.5,0.056859545,3.23E-05,26.5,nan,nan,26.5,nan,nan,26.5,nan,nan
27,0.004610419,0.0003483,27,0.007043273,3.36E-05,27,0.009437716,0.001022406,27,0.011834951,3.46E-05,27,0.014276378,0.000100196,27,0.016679233,3.66E-05,27,0.019043369,5.38E-05,27,0.021493285,3.75E-05,27,0.023904476,3.95E-05,27,0.02631844,3.17E-05,27,0.028735174,3.51E-05,27,0.031154676,3.15E-05,27,0.03361873,3.27E-05,27,0.036064725,3.44E-05,27,0.03842976,3.73E-05,27,0.040860304,3.27E-05,27,0.043293602,3.53E-05,27,0.045813702,3.44E-05,27,0.048210521,3.22E-05,27,0.050736353,3.61E-05,27,0.053138612,3.41E-05,27,0.055585731,3.19E-05,27,0.05807785,3.70E-05,27,nan,nan,27,nan,nan,27,nan,nan
27.5,0.004730293,0.000309895,27.5,0.007204128,3.52E-05,27.5,0.009638777,0.000823581,27.5,0.012076324,3.45E-05,27.5,0.014558743,8.79E-05,27.5,0.017001882,3.39E-05,27.5,0.019447788,4.57E-05,27.5,0.021938703,3.46E-05,27.5,0.024432476,3.41E-05,27.5,0.026886765,3.38E-05,27.5,0.02934381,3.79E-05,27.5,0.031846045,3.53E-05,27.5,0.034308643,3.44E-05,27.5,0.036837786,3.38E-05,27.5,0.039242083,3.45E-05,27.5,0.041755543,3.31E-05,27.5,0.044229166,3.50E-05,27.5,0.046790967,3.57E-05,27.5,0.049270155,3.26E-05,27.5,0.0518163,3.40E-05,27.5,0.054279587,3.09E-05,27.5,0.056767008,3.61E-05,27.5,0.059343068,3.28E-05,27.5,nan,nan,27.5,nan,nan,27.5,nan,nan
28,0.004808318,0.000337965,28,0.007344316,3.58E-05,28,0.009840536,0.000859158,28,0.012339571,3.26E-05,28,0.014884206,8.09E-05,28,0.017367485,3.45E-05,28,0.019853519,5.99E-05,28,0.022406707,3.24E-05,28,0.024962788,3.29E-05,28,0.027457212,3.12E-05,28,0.029954379,3.63E-05,28,0.032497413,3.43E-05,28,0.03504328,3.50E-05,28,0.037635199,3.45E-05,28,0.04010023,3.16E-05,28,0.042632872,3.48E-05,28,0.045168286,3.69E-05,28,0.047771589,3.12E-05,28,0.050290883,3.22E-05,28,0.052899909,3.60E-05,28,0.055424728,3.38E-05,28,0.05797406,3.40E-05,28,0.060569796,3.31E-05,28,nan,nan,28,nan,nan,28,nan,nan
28.5,0.004929402,0.000365652,28.5,0.007484724,3.82E-05,28.5,0.010042903,0.000757751,28.5,0.01260393,3.24E-05,28.5,0.0151678,6.74E-05,28.5,0.017734511,3.45E-05,28.5,0.020304059,6.79E-05,28.5,0.022876441,3.63E-05,28.5,0.02547349,3.48E-05,28.5,0.028029694,3.31E-05,28.5,0.030566792,3.79E-05,28.5,0.033194246,3.48E-05,28.5,0.035780751,3.29E-05,28.5,0.038413982,3.16E-05,28.5,0.040918247,3.31E-05,28.5,0.043513141,3.46E-05,28.5,0.046110843,3.60E-05,28.5,0.04879955,3.45E-05,28.5,0.051358801,3.16E-05,28.5,0.054009147,3.72E-05,28.5,0.056573894,3.53E-05,28.5,0.059185629,3.36E-05,28.5,0.06184449,3.28E-05,28.5,nan,nan,28.5,nan,nan,28.5,nan,nan
29,0.005007513,0.000318819,29,0.00764726,3.79E-05,29,0.010245877,0.000622392,29,0.012847329,3.20E-05,29,0.015495776,4.15E-05,29,0.018102932,3.43E-05,29,0.02071291,6.80E-05,29,0.023370018,3.37E-05,29,0.02598568,3.97E-05,29,0.028604156,3.15E-05,29,0.031225442,3.44E-05,29,0.033871785,3.21E-05,29,0.03652098,3.51E-05,29,0.039195321,3.51E-05,29,0.041783268,3.24E-05,29,0.044418606,3.31E-05,29,0.047056736,3.49E-05,29,0.049787226,3.34E-05,29,0.052431023,3.49E-05,29,0.055122485,3.51E-05,29,0.057749427,3.65E-05,29,0.060424073,3.17E-05,29,0.063101539,3.28E-05,29,nan,nan,29,nan,nan,29,nan,nan
29.5,0.005129896,0.000307523,29.5,0.00781058,4.42E-05,29.5,0.010449438,0.000518421,29.5,0.013135915,3.46E-05,29.5,0.015825304,3.67E-05,29.5,0.018472705,3.94E-05,29.5,0.021122915,6.60E-05,29.5,0.02382092,3.49E-05,29.5,0.026521823,3.72E-05,29.5,0.029180533,3.51E-05,29.5,0.031864606,3.23E-05,29.5,0.034551519,3.22E-05,29.5,0.037263883,3.60E-05,29.5,0.040024407,3.29E-05,29.5,0.042606602,3.19E-05,29.5,0.045327505,3.49E-05,29.5,0.048051279,3.55E-05,29.5,0.05082339,3.26E-05,29.5,0.053507428,3.41E-05,29.5,0.056285361,3.48E-05,29.5,0.058929414,3.36E-05,29.5,0.061644619,3.45E-05,29.5,nan,nan,29.5,nan,nan,29.5,nan,nan,29.5,nan,nan
30,0.00523073,0.00021533,30,0.007974762,4.34E-05,30,0.01067635,0.000298033,30,0.013380801,3.14E-05,30,0.016156394,3.16E-05,30,0.018843831,3.68E-05,30,0.021579685,4.96E-05,30,0.024318425,3.36E-05,30,0.027060049,3.73E-05,30,0.029781636,3.51E-05,30,0.032506087,3.53E-05,30,0.035256294,3.24E-05,30,0.038055279,3.61E-05,30,0.040811268,3.57E-05,30,0.043478112,3.43E-05,30,0.046262753,3.28E-05,30,0.049004198,3.31E-05,30,0.051863815,3.18E-05,30,0.054587887,3.66E-05,30,0.057407194,3.53E-05,30,0.06013686,3.17E-05,30,0.062915606,3.27E-05,30,nan,nan,30,nan,nan,30,nan,nan,30,nan,nan
