mean_theta,mean_qz,mean_I,mean_theta,mean_qz,mean_I,mean_theta,mean_qz,mean_I,mean_theta,mean_qz,mean_I,mean_theta,mean_qz,mean_I,mean_theta,mean_qz,mean_I,mean_theta,mean_qz,mean_I,mean_theta,mean_qz,mean_I,mean_theta,mean_qz,mean_I,mean_theta,mean_qz,mean_I,mean_theta,mean_qz,mean_I,mean_theta,mean_qz,mean_I,mean_theta,mean_qz,mean_I,mean_theta,mean_qz,mean_I,mean_theta,mean_qz,mean_I,mean_theta,mean_qz,mean_I,mean_theta,mean_qz,mean_I,mean_theta,mean_qz,mean_I,mean_theta,mean_qz,mean_I,mean_theta,mean_qz,mean_I
-30,-0.002566584,7.68E-07,-30,-0.005358797,9.17E-07,-30,-0.008102444,7.02E-07,-30,-0.010797484,2.24E-05,-30,-0.013535438,3.70E-07,-30,-0.016270478,4.23E-07,-30,-0.019002607,4.71E-07,-30,-0.021777317,8.68E-07,-30,-0.024435425,3.83E-07,-30,-0.027136118,3.51E-07,-30,-0.029856598,3.43E-07,-30,-0.032506324,6.53E-07,-30,-0.035153164,3.22E-07,-30,-0.037910145,3.73E-07,-30,-0.040664096,3.69E-07,-30,-0.043279885,3.54E-07,-30,-0.04602788,3.25E-07,-30,-0.048772828,3.34E-07,-30,-0.051379948,3.60E-07,-30,-0.054029317,3.61E-07
-29.5,-0.002528739,8.15E-07,-29.5,-0.005234648,8.76E-07,-29.5,-0.007937754,6.37E-07,-29.5,-0.010592953,2.85E-05,-29.5,-0.013290356,3.49E-07,-29.5,-0.01594001,4.45E-07,-29.5,-0.018631594,4.90E-07,-29.5,-0.021320246,5.76E-07,-29.5,-0.023961351,3.85E-07,-29.5,-0.026599474,3.34E-07,-29.5,-0.029279397,3.41E-07,-29.5,-0.031867347,7.19E-07,-29.5,-0.034452373,3.43E-07,-29.5,-0.037168294,3.59E-07,-29.5,-0.039836574,3.41E-07,-29.5,-0.042435275,4.09E-07,-29.5,-0.045120058,3.23E-07,-29.5,-0.047779473,3.45E-07,-29.5,-0.050369548,3.36E-07,-29.5,-0.052957007,3.42E-07
-29,-0.002468484,8.60E-07,-29,-0.005155854,9.73E-07,-29,-0.007773864,5.24E-07,-29,-0.010388973,3.35E-05,-29,-0.013001367,3.27E-07,-29,-0.015610916,4.95E-07,-29,-0.018239696,4.68E-07,-29,-0.02090973,7.29E-07,-29,-0.023466565,3.99E-07,-29,-0.026086658,3.37E-07,-29,-0.028703842,3.93E-07,-29,-0.031208425,5.68E-07,-29,-0.033776036,3.50E-07,-29,-0.036428461,3.52E-07,-29,-0.039055987,3.30E-07,-29,-0.041593219,4.88E-07,-29,-0.044214891,3.29E-07,-29,-0.046833587,3.37E-07,-29,-0.04936216,3.40E-07,-29,-0.051888045,3.34E-07
-28.5,-0.002408719,9.38E-07,-28.5,-0.005032952,9.26E-07,-28.5,-0.007610715,5.05E-07,-28.5,-0.010185564,3.90E-05,-28.5,-0.012757682,3.35E-07,-28.5,-0.015305182,5.66E-07,-28.5,-0.017871605,4.14E-07,-28.5,-0.020500346,1.40E-06,-28.5,-0.022995895,3.56E-07,-28.5,-0.025553712,3.79E-07,-28.5,-0.028108657,3.93E-07,-28.5,-0.030595878,4.45E-07,-28.5,-0.033102043,3.66E-07,-28.5,-0.035670038,3.40E-07,-28.5,-0.038256642,3.64E-07,-28.5,-0.040732669,4.95E-07,-28.5,-0.043313533,3.35E-07,-28.5,-0.045891293,3.42E-07,-28.5,-0.048358837,3.49E-07,-28.5,-0.050845051,3.48E-07
-28,-0.002370991,9.11E-07,-28,-0.00493255,1.03E-06,-28,-0.007448354,4.25E-07,-28,-0.009982748,4.18E-05,-28,-0.012492954,3.21E-07,-28,-0.015000335,5.82E-07,-28,-0.017504892,4.37E-07,-28,-0.020070774,2.42E-06,-28,-0.022526899,3.43E-07,-28,-0.025044252,3.80E-07,-28,-0.027537423,3.79E-07,-28,-0.029964011,4.14E-07,-28,-0.032409081,3.41E-07,-28,-0.034957514,3.38E-07,-28,-0.037460553,3.59E-07,-28,-0.039918342,3.92E-07,-28,-0.042436887,3.46E-07,-28,-0.044952364,3.35E-07,-28,-0.047380481,3.42E-07,-28,-0.049805831,3.52E-07
-27.5,-0.002333083,9.26E-07,-27.5,-0.004832459,8.55E-07,-27.5,-0.007307826,4.01E-07,-27.5,-0.009780547,4.37E-05,-27.5,-0.012229337,3.76E-07,-27.5,-0.014675338,5.21E-07,-27.5,-0.017139599,3.79E-07,-27.5,-0.019643067,2.78E-06,-27.5,-0.02205963,3.39E-07,-27.5,-0.024515351,4.33E-07,-27.5,-0.026968224,3.69E-07,-27.5,-0.029334529,6.35E-07,-27.5,-0.031739982,3.30E-07,-27.5,-0.034226273,3.73E-07,-27.5,-0.036688668,3.67E-07,-27.5,-0.039085658,3.94E-07,-27.5,-0.041542301,3.60E-07,-27.5,-0.044016807,3.56E-07,-27.5,-0.046384558,3.48E-07,-27.5,-0.048770406,3.46E-07
-27,-0.002274152,1.08E-06,-27,-0.004732691,8.98E-07,-27,-0.007146756,3.56E-07,-27,-0.009558208,4.79E-05,-27,-0.011987614,4.37E-07,-27,-0.014372716,5.01E-07,-27,-0.016796468,3.59E-07,-27,-0.019238091,3.91E-06,-27,-0.021594137,3.47E-07,-27,-0.024009364,4.01E-07,-27,-0.026401122,3.29E-07,-27,-0.028728315,8.64E-07,-27,-0.031073475,3.23E-07,-27,-0.033497961,3.91E-07,-27,-0.035919525,3.60E-07,-27,-0.038276712,4.40E-07,-27,-0.040672039,3.38E-07,-27,-0.04308502,3.48E-07,-27,-0.045413321,3.48E-07,-27,-0.047759271,3.43E-07
-26.5,-0.002215741,9.92E-07,-26.5,-0.004633256,7.87E-07,-26.5,-0.007007101,3.58E-07,-26.5,-0.009357652,4.46E-05,-26.5,-0.011725964,4.97E-07,-26.5,-0.014071081,4.49E-07,-26.5,-0.016433788,3.59E-07,-26.5,-0.018834383,3.45E-06,-26.5,-0.021150783,3.56E-07,-26.5,-0.023505022,3.99E-07,-26.5,-0.025836179,3.14E-07,-26.5,-0.028124091,1.01E-06,-26.5,-0.030429596,3.41E-07,-26.5,-0.032792847,3.78E-07,-26.5,-0.035173374,3.33E-07,-26.5,-0.037450278,4.84E-07,-26.5,-0.039825156,3.40E-07,-26.5,-0.042176898,3.46E-07,-26.5,-0.044465554,3.26E-07,-26.5,-0.046731419,3.64E-07
-26,-0.002178008,1.08E-06,-26,-0.004534167,8.21E-07,-26,-0.006847268,3.47E-07,-26,-0.009157778,4.09E-05,-26,-0.011485568,5.94E-07,-26,-0.01377047,3.92E-07,-26,-0.016072647,3.77E-07,-26,-0.01843199,2.61E-06,-26,-0.020688652,3.99E-07,-26,-0.023002382,3.65E-07,-26,-0.025293365,3.35E-07,-26,-0.027521901,8.11E-07,-26,-0.02976765,3.60E-07,-26,-0.032090117,3.27E-07,-26,-0.034409621,3.62E-07,-26,-0.036647067,4.72E-07,-26,-0.038960864,3.21E-07,-26,-0.041271756,3.35E-07,-26,-0.043500886,3.33E-07,-26,-0.045727387,3.42E-07
-25.5,-0.002120311,1.15E-06,-25.5,-0.004435431,6.76E-07,-25.5,-0.006708188,3.78E-07,-25.5,-0.008958607,3.55E-05,-25.5,-0.011225993,5.62E-07,-25.5,-0.01347091,3.68E-07,-25.5,-0.015732741,4.20E-07,-25.5,-0.01803104,1.70E-06,-25.5,-0.020248057,3.96E-07,-25.5,-0.022501494,3.39E-07,-25.5,-0.024752134,3.81E-07,-25.5,-0.02692183,5.32E-07,-25.5,-0.029127937,3.74E-07,-25.5,-0.031389867,3.30E-07,-25.5,-0.03366832,3.80E-07,-25.5,-0.035866116,3.90E-07,-25.5,-0.038119434,3.40E-07,-25.5,-0.040369886,3.31E-07,-25.5,-0.042559378,3.45E-07,-25.5,-0.044746233,3.36E-07
-25,-0.0020826,1.28E-06,-25,-0.004337063,6.90E-07,-25,-0.006550014,4.18E-07,-25,-0.008760162,2.95E-05,-25,-0.010967676,7.07E-07,-25,-0.013172438,3.78E-07,-25,-0.015374445,4.51E-07,-25,-0.017631533,9.49E-07,-25,-0.019808736,3.90E-07,-25,-0.022002415,3.43E-07,-25,-0.024193332,3.95E-07,-25,-0.026323935,4.19E-07,-25,-0.028490233,3.30E-07,-25,-0.030711213,3.52E-07,-25,-0.03292939,4.20E-07,-25,-0.035068283,3.80E-07,-25,-0.03728074,3.55E-07,-25,-0.03949032,3.50E-07,-25,-0.041620976,3.32E-07,-25,-0.043748946,3.48E-07
-24.5,-0.002044732,1.26E-06,-24.5,-0.004239068,5.59E-07,-24.5,-0.006411683,4.70E-07,-24.5,-0.008562462,2.24E-05,-24.5,-0.01072964,7.12E-07,-24.5,-0.012894055,3.74E-07,-24.5,-0.015055704,5.14E-07,-24.5,-0.017252437,6.47E-07,-24.5,-0.019351833,3.86E-07,-24.5,-0.021505194,3.74E-07,-24.5,-0.023655781,4.47E-07,-24.5,-0.025747107,4.88E-07,-24.5,-0.027854604,3.43E-07,-24.5,-0.030015758,3.69E-07,-24.5,-0.032174148,3.74E-07,-24.5,-0.034273439,4.80E-07,-24.5,-0.036444868,3.34E-07,-24.5,-0.038594727,3.60E-07,-24.5,-0.040685774,3.22E-07,-24.5,-0.042755491,3.54E-07
-24,-0.00198797,1.25E-06,-24,-0.004141462,5.40E-07,-24,-0.006273574,5.65E-07,-24,-0.008365529,1.63E-05,-24,-0.010492206,6.43E-07,-24,-0.012578872,3.91E-07,-24,-0.014700048,5.70E-07,-24,-0.016855586,9.60E-07,-24,-0.018915524,3.41E-07,-24,-0.021009886,3.88E-07,-24,-0.023119981,4.15E-07,-24,-0.025153396,8.05E-07,-24,-0.027221115,3.31E-07,-24,-0.02932299,3.95E-07,-24,-0.031458939,3.28E-07,-24,-0.033500043,4.82E-07,-24,-0.035611906,3.47E-07,-24,-0.037720918,3.35E-07,-24,-0.039753872,3.32E-07,-24,-0.041802526,3.39E-07
-23.5,-0.001931417,1.42E-06,-23.5,-0.004062442,5.24E-07,-23.5,-0.006117364,7.28E-07,-23.5,-0.008187774,1.02E-05,-23.5,-0.010255463,5.49E-07,-23.5,-0.012302158,4.66E-07,-23.5,-0.014364544,4.45E-07,-23.5,-0.016460462,1.02E-06,-23.5,-0.018480788,3.38E-07,-23.5,-0.020534802,3.57E-07,-23.5,-0.022604359,3.29E-07,-23.5,-0.024580377,3.85E-07,-23.5,-0.026590028,3.17E-07,-23.5,-0.028651231,3.45E-07,-23.5,-0.030727825,3.22E-07,-23.5,-0.032729332,3.40E-07,-23.5,-0.034782163,3.37E-07,-23.5,-0.036850157,3.29E-07,-23.5,-0.038843661,3.10E-07,-23.5,-0.040834337,3.20E-07
-23,-0.001894159,1.48E-06,-23,-0.003947448,4.47E-07,-23,-0.005980096,7.78E-07,-23,-0.008009951,7.85E-06,-23,-0.010019241,6.15E-07,-23,-0.012025833,5.75E-07,-23,-0.014029725,4.83E-07,-23,-0.01608448,2.95E-06,-23,-0.018065063,3.30E-07,-23,-0.020060827,4.02E-07,-23,-0.022053847,3.39E-07,-23,-0.024008641,1.23E-06,-23,-0.025960818,3.61E-07,-23,-0.027981222,3.30E-07,-23,-0.029998812,3.83E-07,-23,-0.031978264,4.24E-07,-23,-0.033990326,3.28E-07,-23,-0.03599951,3.30E-07,-23,-0.037935521,3.82E-07,-23,-0.039868903,3.61E-07
-22.5,-0.001856403,1.50E-06,-22.5,-0.003868702,4.35E-07,-22.5,-0.005843091,9.22E-07,-22.5,-0.007814802,6.76E-06,-22.5,-0.009783756,5.51E-07,-22.5,-0.011714992,5.96E-07,-22.5,-0.013713696,4.26E-07,-22.5,-0.01570959,4.77E-06,-22.5,-0.017632788,3.40E-07,-22.5,-0.019588261,3.95E-07,-22.5,-0.021541045,3.41E-07,-22.5,-0.023421482,1.03E-06,-22.5,-0.025351514,3.55E-07,-22.5,-0.027313577,3.58E-07,-22.5,-0.029290191,3.88E-07,-22.5,-0.031194771,3.60E-07,-22.5,-0.033165886,3.29E-07,-22.5,-0.035134114,3.60E-07,-22.5,-0.037030597,3.44E-07,-22.5,-0.038924443,3.80E-07
-22,-0.001818507,1.65E-06,-22,-0.003772381,3.76E-07,-22,-0.005689104,9.97E-07,-22,-0.0076204,8.39E-06,-22,-0.009548967,5.24E-07,-22,-0.011440509,6.78E-07,-22,-0.013363746,3.98E-07,-22,-0.015318532,5.52E-06,-22,-0.017202054,3.61E-07,-22,-0.019117121,3.45E-07,-22,-0.021029489,3.78E-07,-22,-0.022870943,6.30E-07,-22,-0.024743889,3.37E-07,-22,-0.02668216,3.57E-07,-22,-0.028583668,3.74E-07,-22,-0.030448557,4.99E-07,-22,-0.032378513,3.11E-07,-22,-0.034271816,3.64E-07,-22,-0.036128628,3.29E-07,-22,-0.037982793,4.03E-07
-21.5,-0.001780471,2.29E-06,-21.5,-0.003676498,3.43E-07,-21.5,-0.005569842,1.05E-06,-21.5,-0.007426826,1.40E-05,-21.5,-0.009314899,4.31E-07,-21.5,-0.011166601,6.75E-07,-21.5,-0.013049267,3.35E-07,-21.5,-0.014962746,5.48E-06,-21.5,-0.016772905,3.77E-07,-21.5,-0.01864742,3.54E-07,-21.5,-0.020519199,4.27E-07,-21.5,-0.02232156,4.11E-07,-21.5,-0.024121346,3.70E-07,-21.5,-0.026018355,3.44E-07,-21.5,-0.027879314,3.74E-07,-21.5,-0.02970437,6.51E-07,-21.5,-0.031559885,3.28E-07,-21.5,-0.033445712,3.46E-07,-21.5,-0.035229655,3.29E-07,-21.5,-0.037044048,3.68E-07
-21,-0.001709149,1.67E-06,-21,-0.003597614,3.25E-07,-21,-0.005417248,1.16E-06,-21,-0.007234196,2.14E-05,-21,-0.009081572,3.94E-07,-21,-0.010893296,7.26E-07,-21,-0.012702378,3.22E-07,-21,-0.014574456,4.86E-06,-21,-0.016345383,4.09E-07,-21,-0.018179204,3.20E-07,-21,-0.019977629,4.49E-07,-21,-0.021740757,5.27E-07,-21,-0.023533904,3.37E-07,-21,-0.025356927,4.10E-07,-21,-0.027177197,3.31E-07,-21,-0.028962281,6.45E-07,-21,-0.030777091,3.67E-07,-21,-0.032589142,3.36E-07,-21,-0.034366195,3.56E-07,-21,-0.036108298,3.63E-07
-20.5,-0.001671574,1.72E-06,-20.5,-0.003486077,3.29E-07,-20.5,-0.005281787,1.30E-06,-20.5,-0.007074829,3.04E-05,-20.5,-0.008849011,3.51E-07,-20.5,-0.010620618,6.83E-07,-20.5,-0.012389575,3.28E-07,-20.5,-0.014204015,4.09E-06,-20.5,-0.015951572,4.59E-07,-20.5,-0.01771252,3.38E-07,-20.5,-0.01947081,4.24E-07,-20.5,-0.021194544,1.00E-06,-20.5,-0.022915714,3.39E-07,-20.5,-0.024713843,3.83E-07,-20.5,-0.026509136,3.47E-07,-20.5,-0.028222364,5.27E-07,-20.5,-0.029996329,3.33E-07,-20.5,-0.031767528,3.51E-07,-20.5,-0.033472848,3.46E-07,-20.5,-0.0352071,4.31E-07
-20,-0.001633873,1.75E-06,-20,-0.003407382,3.57E-07,-20,-0.005146654,1.26E-06,-20,-0.006883244,4.26E-05,-20,-0.008617238,3.36E-07,-20,-0.010348594,6.04E-07,-20,-0.012077291,3.77E-07,-20,-0.013834685,2.26E-06,-20,-0.015526701,4.14E-07,-20,-0.017247411,3.86E-07,-20,-0.018965456,4.26E-07,-20,-0.020649669,1.46E-06,-20,-0.022331331,3.42E-07,-20,-0.024072534,3.42E-07,-20,-0.025810967,3.79E-07,-20,-0.027484688,4.14E-07,-20,-0.029217675,3.50E-07,-20,-0.030947888,3.89E-07,-20,-0.032613677,3.21E-07,-20,-0.034276883,3.97E-07
-19.5,-0.001596047,1.78E-06,-19.5,-0.003328428,3.74E-07,-19.5,-0.004996384,1.35E-06,-19.5,-0.006692637,5.53E-05,-19.5,-0.008386276,3.25E-07,-19.5,-0.010077249,5.51E-07,-19.5,-0.011765554,4.22E-07,-19.5,-0.013481814,1.03E-06,-19.5,-0.01511887,3.81E-07,-19.5,-0.016799189,4.45E-07,-19.5,-0.018461594,3.62E-07,-19.5,-0.020106157,1.65E-06,-19.5,-0.02174814,3.45E-07,-19.5,-0.023433044,3.47E-07,-19.5,-0.025115233,4.12E-07,-19.5,-0.026749324,4.72E-07,-19.5,-0.028441202,3.25E-07,-19.5,-0.030115229,3.67E-07,-19.5,-0.031741386,3.31E-07,-19.5,-0.033364952,3.66E-07
-19,-0.0015581,1.92E-06,-19,-0.003219045,4.18E-07,-19,-0.004877426,1.35E-06,-19,-0.006518122,7.28E-05,-19,-0.008156146,3.48E-07,-19,-0.009791616,4.78E-07,-19,-0.011424458,4.72E-07,-19,-0.013099503,4.09E-07,-19,-0.014712095,3.40E-07,-19,-0.016351894,4.15E-07,-19,-0.017974142,3.36E-07,-19,-0.019564059,1.52E-06,-19,-0.021151438,3.78E-07,-19,-0.022795483,3.25E-07,-19,-0.024451559,3.97E-07,-19,-0.026031093,7.60E-07,-19,-0.027666983,3.38E-07,-19,-0.029300133,3.35E-07,-19,-0.030871833,3.61E-07,-19,-0.032455637,3.64E-07
-18.5,-0.001505294,2.15E-06,-18.5,-0.00314033,4.64E-07,-18.5,-0.004743357,1.44E-06,-18.5,-0.006343775,7.81E-05,-18.5,-0.007941519,3.65E-07,-18.5,-0.009522075,4.42E-07,-18.5,-0.011114641,5.22E-07,-18.5,-0.012748294,6.44E-07,-18.5,-0.014306416,3.48E-07,-18.5,-0.015891045,4.10E-07,-18.5,-0.017487536,3.42E-07,-18.5,-0.019023426,9.03E-07,-18.5,-0.020571271,3.74E-07,-18.5,-0.022174303,3.52E-07,-18.5,-0.023760167,3.84E-07,-18.5,-0.025314573,7.98E-07,-18.5,-0.02689509,3.37E-07,-18.5,-0.02848724,3.26E-07,-18.5,-0.03001941,3.78E-07,-18.5,-0.031563308,3.71E-07
-18,-0.001467482,2.06E-06,-18,-0.003061375,5.01E-07,-18,-0.004609664,1.28E-06,-18,-0.006155387,8.95E-05,-18,-0.007712751,3.94E-07,-18,-0.009253289,4.17E-07,-18,-0.010805459,5.60E-07,-18,-0.012397597,1.53E-06,-18,-0.013901869,3.27E-07,-18,-0.015446105,4.14E-07,-18,-0.016987691,3.53E-07,-18,-0.018484308,4.92E-07,-18,-0.019978418,3.37E-07,-18,-0.021540317,3.85E-07,-18,-0.023099462,3.37E-07,-18,-0.024585821,6.19E-07,-18,-0.026139582,3.35E-07,-18,-0.027690585,3.53E-07,-18,-0.02916915,3.34E-07,-18,-0.030659112,4.38E-07
-17.5,-0.00141556,2.10E-06,-17.5,-0.002954235,6.22E-07,-17.5,-0.004476365,1.27E-06,-17.5,-0.005981944,0.000100578,-17.5,-0.007498836,4.65E-07,-17.5,-0.008999163,3.62E-07,-17.5,-0.01049694,5.93E-07,-17.5,-0.01203361,3.24E-06,-17.5,-0.013498492,3.15E-07,-17.5,-0.015002215,3.93E-07,-17.5,-0.016489547,4.21E-07,-17.5,-0.017946775,4.15E-07,-17.5,-0.01940149,3.52E-07,-17.5,-0.020922128,3.76E-07,-17.5,-0.022426344,3.39E-07,-17.5,-0.023886981,5.24E-07,-17.5,-0.025385844,3.43E-07,-17.5,-0.026881993,3.47E-07,-17.5,-0.028321168,3.23E-07,-17.5,-0.029771363,4.94E-07
-17,-0.001377901,2.15E-06,-17,-0.002875566,6.96E-07,-17,-0.004343468,1.24E-06,-17,-0.005808725,0.000105015,-17,-0.007271461,5.15E-07,-17,-0.00873159,3.93E-07,-17,-0.010189111,5.28E-07,-17,-0.01167094,4.95E-06,-17,-0.013096322,3.39E-07,-17,-0.01455942,3.79E-07,-17,-0.016006469,4.85E-07,-17,-0.017410814,9.57E-07,-17,-0.018839367,3.23E-07,-17,-0.020291977,3.65E-07,-17,-0.02175521,3.77E-07,-17,-0.023175929,3.68E-07,-17,-0.024620556,3.40E-07,-17,-0.026075743,3.67E-07,-17,-0.027475424,3.20E-07,-17,-0.028885746,3.68E-07
-16.5,-0.001340137,2.13E-06,-16.5,-0.002796677,7.46E-07,-16.5,-0.004210989,1.20E-06,-16.5,-0.005635939,0.000113068,-16.5,-0.007058286,5.52E-07,-16.5,-0.008464847,4.70E-07,-16.5,-0.009882,4.95E-07,-16.5,-0.011322708,6.19E-06,-16.5,-0.012708457,3.75E-07,-16.5,-0.014117756,3.17E-07,-16.5,-0.015524436,4.80E-07,-16.5,-0.016889528,1.92E-06,-16.5,-0.018265105,3.44E-07,-16.5,-0.019676976,3.31E-07,-16.5,-0.021099089,4.39E-07,-16.5,-0.022466911,4.84E-07,-16.5,-0.023883673,3.29E-07,-16.5,-0.025284878,3.51E-07,-16.5,-0.026644933,3.80E-07,-16.5,-0.028002453,3.20E-07
-16,-0.001302271,2.13E-06,-16,-0.002704722,9.05E-07,-16,-0.004078935,1.13E-06,-16,-0.005463408,0.000102664,-16,-0.006832487,5.58E-07,-16,-0.008198983,5.28E-07,-16,-0.009575635,4.20E-07,-16,-0.010975112,6.63E-06,-16,-0.012321123,4.20E-07,-16,-0.013677267,3.42E-07,-16,-0.015043469,5.14E-07,-16,-0.016369201,2.45E-06,-16,-0.017692449,3.59E-07,-16,-0.019063474,3.28E-07,-16,-0.02044436,3.91E-07,-16,-0.021772448,8.33E-07,-16,-0.023135477,3.38E-07,-16,-0.02449582,3.28E-07,-16,-0.025816148,3.70E-07,-16,-0.027133945,4.56E-07
-15.5,-0.001264306,2.16E-06,-15.5,-0.00261331,1.05E-06,-15.5,-0.003959779,9.95E-07,-15.5,-0.005278781,9.61E-05,-15.5,-0.006620076,6.14E-07,-15.5,-0.007933982,5.68E-07,-15.5,-0.009270043,3.59E-07,-15.5,-0.010628182,6.11E-06,-15.5,-0.011922043,4.62E-07,-15.5,-0.013237987,3.72E-07,-15.5,-0.014563609,3.93E-07,-15.5,-0.015837644,2.62E-06,-15.5,-0.017133665,3.62E-07,-15.5,-0.018463717,3.38E-07,-15.5,-0.01979108,3.85E-07,-15.5,-0.021067193,1.02E-06,-15.5,-0.022389276,3.47E-07,-15.5,-0.023708671,3.43E-07,-15.5,-0.024989169,3.64E-07,-15.5,-0.026255075,4.95E-07
-15,-0.00121412,2.49E-06,-15,-0.002534554,1.24E-06,-15,-0.003828243,9.07E-07,-15,-0.005119366,8.63E-05,-15,-0.006407916,5.89E-07,-15,-0.007681876,7.49E-07,-15,-0.008965251,3.42E-07,-15,-0.010281949,5.30E-06,-15,-0.011536247,4.19E-07,-15,-0.012811869,3.84E-07,-15,-0.014084902,3.48E-07,-15,-0.015319757,2.34E-06,-15,-0.016563999,3.76E-07,-15,-0.017853001,3.63E-07,-15,-0.019139307,3.28E-07,-15,-0.020375863,9.40E-07,-15,-0.021656878,3.59E-07,-15,-0.022923482,3.64E-07,-15,-0.024164054,3.32E-07,-15,-0.025390407,4.64E-07
-14.5,-0.001176343,2.58E-06,-14.5,-0.002443882,1.41E-06,-14.5,-0.003697168,7.65E-07,-14.5,-0.004936208,7.14E-05,-14.5,-0.006184368,6.28E-07,-14.5,-0.007418311,8.20E-07,-14.5,-0.008661316,3.49E-07,-14.5,-0.009924891,4.22E-06,-14.5,-0.01113955,4.20E-07,-14.5,-0.012374776,4.55E-07,-14.5,-0.013607384,3.16E-07,-14.5,-0.014802966,1.21E-06,-14.5,-0.016007553,3.63E-07,-14.5,-0.01725538,4.11E-07,-14.5,-0.018489097,3.26E-07,-14.5,-0.019686003,5.10E-07,-14.5,-0.020925852,3.36E-07,-14.5,-0.022151662,3.41E-07,-14.5,-0.023340877,3.22E-07,-14.5,-0.024527581,3.46E-07
-14,-0.001138476,2.68E-06,-14,-0.002365125,1.62E-06,-14,-0.00356657,6.92E-07,-14,-0.004776784,5.81E-05,-14,-0.005973136,5.99E-07,-14,-0.007166943,7.59E-07,-14,-0.00836943,3.95E-07,-14,-0.00958052,2.78E-06,-14,-0.010755428,3.96E-07,-14,-0.011950141,4.67E-07,-14,-0.013131103,3.54E-07,-14,-0.01428732,5.47E-07,-14,-0.015452158,3.29E-07,-14,-0.01664766,4.33E-07,-14,-0.017840506,4.03E-07,-14,-0.018997672,4.01E-07,-14,-0.020185278,3.24E-07,-14,-0.021381184,3.63E-07,-14,-0.022519707,3.72E-07,-14,-0.023666676,3.60E-07
-13.5,-0.001100522,2.64E-06,-13.5,-0.002275221,1.62E-06,-13.5,-0.0034474,5.84E-07,-13.5,-0.004606078,4.62E-05,-13.5,-0.005762209,5.97E-07,-13.5,-0.00691579,8.76E-07,-13.5,-0.008066818,5.25E-07,-13.5,-0.009247735,1.77E-06,-13.5,-0.010371981,3.75E-07,-13.5,-0.011515318,4.87E-07,-13.5,-0.012666846,4.21E-07,-13.5,-0.01377286,5.20E-07,-13.5,-0.014897863,3.31E-07,-13.5,-0.016052385,3.71E-07,-13.5,-0.017204246,4.20E-07,-13.5,-0.018310929,6.89E-07,-13.5,-0.019457564,3.36E-07,-13.5,-0.020601535,3.36E-07,-13.5,-0.021711173,4.18E-07,-13.5,-0.022818293,4.73E-07
-13,-0.001051875,2.42E-06,-13,-0.00219649,1.76E-06,-13,-0.003317405,4.92E-07,-13,-0.004435779,2.78E-05,-13,-0.005551602,5.31E-07,-13,-0.006654379,8.34E-07,-13,-0.007765111,6.77E-07,-13,-0.008904608,1.62E-06,-13,-0.00998931,3.49E-07,-13,-0.011092334,4.86E-07,-13,-0.012192793,5.50E-07,-13,-0.013269979,1.26E-06,-13,-0.014344713,3.34E-07,-13,-0.015458167,3.61E-07,-13,-0.016558683,4.31E-07,-13,-0.017636082,1.16E-06,-13,-0.018741634,3.28E-07,-13,-0.019834318,3.28E-07,-13,-0.020904028,3.74E-07,-13,-0.021961064,6.25E-07
-12.5,-0.001014138,2.46E-06,-12.5,-0.002107388,2.12E-06,-12.5,-0.00318792,4.79E-07,-12.5,-0.004265906,1.79E-05,-12.5,-0.005341335,5.07E-07,-12.5,-0.006404093,7.31E-07,-12.5,-0.007474421,7.37E-07,-12.5,-0.008562305,2.43E-06,-12.5,-0.00960738,3.32E-07,-12.5,-0.010670008,4.29E-07,-12.5,-0.011730067,6.39E-07,-12.5,-0.012757663,2.96E-06,-12.5,-0.013792758,3.51E-07,-12.5,-0.01486506,3.40E-07,-12.5,-0.015924798,3.81E-07,-12.5,-0.01696218,1.52E-06,-12.5,-0.018016721,3.37E-07,-12.5,-0.019068639,3.34E-07,-12.5,-0.020088547,3.26E-07,-12.5,-0.021115744,5.09E-07
-12,-0.000976323,2.41E-06,-12,-0.002028711,2.40E-06,-12,-0.003068754,4.34E-07,-12,-0.004096469,1.00E-05,-12,-0.005131423,5.14E-07,-12,-0.006154084,6.91E-07,-12,-0.007183926,9.00E-07,-12,-0.008220877,3.92E-06,-12,-0.009226244,3.43E-07,-12,-0.010248397,4.20E-07,-12,-0.011267975,5.95E-07,-12,-0.012256232,4.56E-06,-12,-0.013251602,4.88E-07,-12,-0.01427311,3.54E-07,-12,-0.015291993,3.31E-07,-12,-0.016279791,1.25E-06,-12,-0.017302952,3.60E-07,-12,-0.018313998,4.09E-07,-12,-0.019294178,3.30E-07,-12,-0.020271872,3.64E-07
-11.5,-0.000938434,2.68E-06,-11.5,-0.001949879,2.70E-06,-11.5,-0.002939936,4.22E-07,-11.5,-0.003927487,1.13E-05,-11.5,-0.004921886,5.07E-07,-11.5,-0.005895025,6.23E-07,-11.5,-0.006884328,9.01E-07,-11.5,-0.007889649,5.86E-06,-11.5,-0.008845935,3.48E-07,-11.5,-0.009827534,3.56E-07,-11.5,-0.010797332,5.55E-07,-11.5,-0.011746197,4.78E-06,-11.5,-0.012701803,4.56E-07,-11.5,-0.013682382,3.80E-07,-11.5,-0.014660328,3.13E-07,-11.5,-0.015608335,7.07E-07,-11.5,-0.016581083,3.36E-07,-11.5,-0.017551206,3.95E-07,-11.5,-0.018491606,3.96E-07,-11.5,-0.019429517,3.99E-07
-11,-0.000891394,2.88E-06,-11,-0.00186184,2.53E-06,-11,-0.002811662,4.82E-07,-11,-0.00376798,2.08E-05,-11,-0.004712739,4.81E-07,-11,-0.00564601,5.31E-07,-11,-0.006594675,8.35E-07,-11,-0.007549673,6.74E-06,-11,-0.008475376,3.86E-07,-11,-0.009407457,3.27E-07,-11,-0.010337005,5.35E-07,-11,-0.011246383,4.30E-06,-11,-0.012153323,4.48E-07,-11,-0.013101666,4.97E-07,-11,-0.014029837,3.69E-07,-11,-0.014937981,3.79E-07,-11,-0.015869721,3.00E-07,-11,-0.016798815,3.83E-07,-11,-0.017690693,4.23E-07,-11,-0.018588749,6.33E-07
-10.5,-0.000853749,3.15E-06,-10.5,-0.001783102,2.77E-06,-10.5,-0.002692591,7.81E-07,-10.5,-0.00359956,3.81E-05,-10.5,-0.004504003,5.49E-07,-10.5,-0.005397335,4.66E-07,-10.5,-0.006305288,8.60E-07,-10.5,-0.007219186,6.19E-06,-10.5,-0.008096432,3.75E-07,-10.5,-0.008988198,3.34E-07,-10.5,-0.009877427,3.94E-07,-10.5,-0.010747249,2.79E-06,-10.5,-0.01161463,4.08E-07,-10.5,-0.012513103,4.73E-07,-10.5,-0.01340894,4.38E-07,-10.5,-0.014268791,4.20E-07,-10.5,-0.015159446,3.39E-07,-10.5,-0.016039171,3.15E-07,-10.5,-0.016899777,4.13E-07,-10.5,-0.017757886,8.54E-07
-10,-0.000816039,2.78E-06,-10,-0.001695939,3.26E-06,-10,-0.002573315,6.85E-07,-10,-0.003431637,7.82E-05,-10,-0.00429569,5.95E-07,-10,-0.005149016,3.98E-07,-10,-0.006008021,6.68E-07,-10,-0.006888919,6.38E-06,-10,-0.007718411,3.75E-07,-10,-0.00857789,3.42E-07,-10,-0.009418635,3.52E-07,-10,-0.010240788,1.31E-06,-10,-0.01107659,3.99E-07,-10,-0.011925897,4.48E-07,-10,-0.012780584,4.67E-07,-10,-0.013600825,1.10E-06,-10,-0.014450323,3.56E-07,-10,-0.015297177,3.39E-07,-10,-0.016101994,3.55E-07,-10,-0.016920115,6.50E-07
-9.5,-0.000778267,2.94E-06,-9.5,-0.00161732,3.40E-06,-9.5,-0.002445962,7.63E-07,-9.5,-0.003272077,0.000130187,-9.5,-0.004087823,7.28E-07,-9.5,-0.004901077,3.90E-07,-9.5,-0.005719619,5.84E-07,-9.5,-0.006551139,4.52E-06,-9.5,-0.007349076,4.09E-07,-9.5,-0.008159988,3.85E-07,-9.5,-0.008968352,3.12E-07,-9.5,-0.00974352,3.56E-07,-9.5,-0.010539249,3.29E-07,-9.5,-0.011347708,3.99E-07,-9.5,-0.012153569,4.82E-07,-9.5,-0.0129417,1.57E-06,-9.5,-0.013742413,3.58E-07,-9.5,-0.014540526,3.68E-07,-9.5,-0.015321053,3.23E-07,-9.5,-0.016091607,4.10E-07
-9,-0.000740436,3.09E-06,-9,-0.001538578,3.73E-06,-9,-0.002319195,9.25E-07,-9,-0.003104797,0.000182308,-9,-0.00388786,8.08E-07,-9,-0.004653534,4.15E-07,-9,-0.005431556,4.71E-07,-9,-0.006221775,2.67E-06,-9,-0.006979955,3.80E-07,-9,-0.007743007,3.90E-07,-9,-0.008510858,3.62E-07,-9,-0.00925433,8.46E-07,-9,-0.010002648,3.18E-07,-9,-0.010770197,3.42E-07,-9,-0.011535146,4.49E-07,-9,-0.012275952,1.56E-06,-9,-0.013042926,4.00E-07,-9,-0.013800117,3.70E-07,-9,-0.014526276,4.20E-07,-9,-0.015264191,4.40E-07
-8.5,-0.000702548,2.86E-06,-8.5,-0.001459719,4.12E-06,-8.5,-0.002200131,1.18E-06,-8.5,-0.002938055,0.000283303,-8.5,-0.003673483,8.59E-07,-8.5,-0.004406411,5.11E-07,-8.5,-0.005143849,3.88E-07,-8.5,-0.005892711,1.93E-06,-8.5,-0.006604112,3.64E-07,-8.5,-0.00733392,4.10E-07,-8.5,-0.008061177,4.75E-07,-8.5,-0.008758317,2.51E-06,-8.5,-0.009466831,3.58E-07,-8.5,-0.010193413,3.34E-07,-8.5,-0.01091739,3.44E-07,-8.5,-0.011618382,1.22E-06,-8.5,-0.012337223,3.58E-07,-8.5,-0.013053457,4.01E-07,-8.5,-0.013746925,5.07E-07,-8.5,-0.014437949,8.61E-07
-8,-0.000664607,3.23E-06,-8,-0.001380749,4.08E-06,-8,-0.0020809,1.46E-06,-8,-0.002778559,0.00049018,-8,-0.003473718,9.48E-07,-8,-0.004166374,6.76E-07,-8,-0.004856526,3.61E-07,-8,-0.005557372,3.34E-06,-8,-0.006235888,3.41E-07,-8,-0.00692505,4.12E-07,-8,-0.007605128,5.89E-07,-8,-0.008269691,5.31E-06,-8,-0.008931841,3.82E-07,-8,-0.0096174,4.14E-07,-8,-0.010300352,3.37E-07,-8,-0.010955069,8.25E-07,-8,-0.011632925,3.51E-07,-8,-0.012308148,3.69E-07,-8,-0.012961761,5.22E-07,-8,-0.013612911,1.38E-06
-7.5,-0.000626615,3.06E-06,-7.5,-0.001295316,3.77E-06,-7.5,-0.001955176,1.52E-06,-7.5,-0.002612541,0.000544599,-7.5,-0.003267403,1.03E-06,-7.5,-0.003913498,8.98E-07,-7.5,-0.004569606,3.55E-07,-7.5,-0.005235583,8.30E-06,-7.5,-0.005867966,3.24E-07,-7.5,-0.006510263,4.38E-07,-7.5,-0.007150049,6.81E-07,-7.5,-0.007775093,6.78E-06,-7.5,-0.008397721,4.28E-07,-7.5,-0.009042205,4.99E-07,-7.5,-0.009684079,3.85E-07,-7.5,-0.010299288,5.37E-07,-7.5,-0.010936037,3.37E-07,-7.5,-0.011570175,3.42E-07,-7.5,-0.012177916,4.88E-07,-7.5,-0.012795084,1.38E-06
-7,-0.000588576,2.93E-06,-7,-0.001216529,3.76E-06,-7,-0.001830081,2.25E-06,-7,-0.002447102,0.000622017,-7,-0.003061616,1.09E-06,-7,-0.003673621,1.09E-06,-7,-0.004283116,4.21E-07,-7,-0.004901748,1.68E-05,-7,-0.005494572,3.28E-07,-7,-0.006102306,4.45E-07,-7,-0.006701728,6.32E-07,-7,-0.007281454,6.25E-06,-7,-0.007864513,4.19E-07,-7,-0.008467873,4.82E-07,-7,-0.00906862,4.91E-07,-7,-0.009644231,6.14E-07,-7,-0.010239849,3.07E-07,-7,-0.010832854,3.32E-07,-7,-0.011401012,4.13E-07,-7,-0.011972283,7.87E-07
-6.5,-0.000550491,3.13E-06,-6.5,-0.001132071,4.68E-06,-6.5,-0.001711179,2.37E-06,-6.5,-0.002287784,0.000726593,-6.5,-0.00286188,1.25E-06,-6.5,-0.00342798,1.29E-06,-6.5,-0.004002536,6.28E-07,-6.5,-0.004579964,3.16E-05,-6.5,-0.005133171,3.62E-07,-6.5,-0.005694695,4.04E-07,-6.5,-0.006253704,6.13E-07,-6.5,-0.006794179,4.32E-06,-6.5,-0.007337598,3.78E-07,-6.5,-0.007899762,5.24E-07,-6.5,-0.008454045,5.61E-07,-6.5,-0.008990034,7.53E-07,-6.5,-0.009544474,3.42E-07,-6.5,-0.010096298,3.20E-07,-6.5,-0.010624828,3.47E-07,-6.5,-0.011150935,3.97E-07
-6,-0.000507149,2.99E-06,-6,-0.001053494,4.75E-06,-6,-0.001592147,2.78E-06,-6,-0.002128293,0.000760542,-6,-0.002661927,1.30E-06,-6,-0.003182856,1.72E-06,-6,-0.003711509,8.02E-07,-6,-0.004247739,4.88E-05,-6,-0.004761265,3.87E-07,-6,-0.005282366,3.62E-07,-6,-0.00580095,5.11E-07,-6,-0.006307115,2.28E-06,-6,-0.006810857,3.63E-07,-6,-0.007331785,4.19E-07,-6,-0.007845237,6.15E-07,-6,-0.00834154,6.20E-07,-6,-0.008849909,3.37E-07,-6,-0.009360512,3.67E-07,-6,-0.009849374,3.62E-07,-6,-0.010335811,4.32E-07
-5.5,-0.000469373,2.87E-06,-5.5,-0.000974837,4.71E-06,-5.5,-0.001472993,3.12E-06,-5.5,-0.001968639,0.000919201,-5.5,-0.00245704,1.23E-06,-5.5,-0.002942974,2.03E-06,-5.5,-0.003431119,1.10E-06,-5.5,-0.00392606,6.91E-05,-5.5,-0.004399864,4.09E-07,-5.5,-0.004880468,3.97E-07,-5.5,-0.005358533,3.89E-07,-5.5,-0.005815835,5.93E-07,-5.5,-0.006279881,3.67E-07,-5.5,-0.006759556,3.49E-07,-5.5,-0.007236612,4.66E-07,-5.5,-0.007693192,5.29E-07,-5.5,-0.008160666,3.26E-07,-5.5,-0.00862557,3.64E-07,-5.5,-0.009074727,4.23E-07,-5.5,-0.009521458,9.74E-07
-5,-0.000431561,2.89E-06,-5,-0.000896106,5.13E-06,-5,-0.001353726,3.59E-06,-5,-0.00180447,0.000917474,-5,-0.002252746,1.37E-06,-5,-0.002702909,1.88E-06,-5,-0.003150504,1.33E-06,-5,-0.003599846,8.04E-05,-5,-0.00403389,4.59E-07,-5,-0.004469731,4.86E-07,-5,-0.004907292,3.40E-07,-5,-0.005333989,2.43E-06,-5,-0.005758259,4.32E-07,-5,-0.00618835,3.74E-07,-5,-0.006624115,3.55E-07,-5,-0.007040961,1.28E-06,-5,-0.007471582,3.11E-07,-5,-0.007891529,3.72E-07,-5,-0.008300947,4.89E-07,-5,-0.008711914,1.29E-06
-4.5,-0.000393822,3.77E-06,-4.5,-0.000817357,5.96E-06,-4.5,-0.00123439,4.26E-06,-4.5,-0.00164097,0.001209731,-4.5,-0.00205303,1.50E-06,-4.5,-0.002458644,2.47E-06,-4.5,-0.002861788,1.68E-06,-4.5,-0.003274089,0.000130768,-4.5,-0.003668358,5.84E-07,-4.5,-0.004067858,6.41E-07,-4.5,-0.004464835,3.57E-07,-4.5,-0.004844164,1.16E-05,-4.5,-0.005228674,6.66E-07,-4.5,-0.00562569,4.93E-07,-4.5,-0.006012666,3.85E-07,-4.5,-0.006389747,5.10E-06,-4.5,-0.006779042,3.62E-07,-4.5,-0.007165712,3.74E-07,-4.5,-0.007531701,4.66E-07,-4.5,-0.007902485,1.25E-06
-4,-0.000352187,3.14E-06,-4,-0.000738445,5.46E-06,-4,-0.001111285,3.84E-06,-4,-0.001481659,0.001154152,-4,-0.001853118,1.27E-06,-4,-0.002214984,2.13E-06,-4,-0.002581475,1.53E-06,-4,-0.002952382,0.000121647,-4,-0.003306817,6.94E-07,-4,-0.003662262,6.60E-07,-4,-0.004015232,4.86E-07,-4,-0.004362334,2.19E-05,-4,-0.004707006,6.89E-07,-4,-0.005055934,8.30E-07,-4,-0.005408973,5.14E-07,-4,-0.005746212,9.09E-06,-4,-0.00608756,4.05E-07,-4,-0.006432872,4.41E-07,-4,-0.006762675,4.09E-07,-4,-0.007090047,8.16E-07
-3.5,-0.000314676,3.15E-06,-3.5,-0.000659527,5.54E-06,-3.5,-0.000988912,4.53E-06,-3.5,-0.001322307,0.001147042,-3.5,-0.001653122,1.11E-06,-3.5,-0.001975127,2.17E-06,-3.5,-0.002300946,1.55E-06,-3.5,-0.002630433,0.000133496,-3.5,-0.002938865,6.53E-07,-3.5,-0.003257157,9.12E-07,-3.5,-0.003572923,6.39E-07,-3.5,-0.00387416,3.84E-05,-3.5,-0.004179016,9.60E-07,-3.5,-0.004493251,1.20E-06,-3.5,-0.004799005,8.42E-07,-3.5,-0.005096423,1.61E-05,-3.5,-0.005402929,4.16E-07,-3.5,-0.005701099,5.27E-07,-3.5,-0.005991078,3.55E-07,-3.5,-0.006278626,2.00E-06
-3,-0.000277141,3.21E-06,-3,-0.000580559,5.28E-06,-3,-0.00087007,4.93E-06,-3,-0.00116276,0.001177193,-3,-0.001450147,1.13E-06,-3,-0.00173508,1.98E-06,-3,-0.002020243,1.64E-06,-3,-0.002302874,0.000137267,-3,-0.002577616,7.17E-07,-3,-0.002855242,9.99E-07,-3,-0.003130341,9.79E-07,-3,-0.003392475,5.54E-05,-3,-0.003657443,1.07E-06,-3,-0.003925103,1.57E-06,-3,-0.004195308,1.16E-06,-3,-0.004452836,2.30E-05,-3,-0.00471291,4.08E-07,-3,-0.004975382,6.81E-07,-3,-0.005225468,4.19E-07,-3,-0.005473122,5.62E-06
-2.5,-0.000239585,3.21E-06,-2.5,-0.000501546,5.44E-06,-2.5,-0.000751162,5.19E-06,-2.5,-0.001003172,0.001135888,-2.5,-0.001247911,1.05E-06,-2.5,-0.001494911,1.95E-06,-2.5,-0.001734708,1.31E-06,-2.5,-0.001981332,0.00013434,-2.5,-0.002216171,8.09E-07,-2.5,-0.00245311,1.27E-06,-2.5,-0.002683037,1.32E-06,-2.5,-0.00291053,6.88E-05,-2.5,-0.003133396,1.05E-06,-2.5,-0.003362561,1.97E-06,-2.5,-0.003589145,1.22E-06,-2.5,-0.003804667,2.70E-05,-2.5,-0.00402829,4.24E-07,-2.5,-0.004245141,8.29E-07,-2.5,-0.004455363,5.87E-07,-2.5,-0.004663161,1.06E-05
-2,-0.000202011,3.39E-06,-2,-0.000422496,5.45E-06,-2,-0.000632196,5.63E-06,-2,-0.000843508,0.001219887,-2,-0.001048324,1.02E-06,-2,-0.001252651,1.73E-06,-2,-0.001454501,1.28E-06,-2,-0.001659639,0.000124662,-2,-0.001854557,7.87E-07,-2,-0.002047041,1.54E-06,-2,-0.002240794,1.56E-06,-2,-0.00242471,7.81E-05,-2,-0.002609895,1.06E-06,-2,-0.002799762,2.03E-06,-2,-0.002983493,1.39E-06,-2,-0.003161233,2.70E-05,-2,-0.003341667,3.96E-07,-2,-0.003519513,8.24E-07,-2,-0.003689807,7.95E-07,-2,-0.003857667,1.56E-05
-1.5,-0.00016442,3.33E-06,-1.5,-0.000343413,5.51E-06,-1.5,-0.000513182,5.76E-06,-1.5,-0.000683802,0.001215566,-1.5,-0.000848656,1.00E-06,-1.5,-0.001012659,1.56E-06,-1.5,-0.001174182,9.13E-07,-1.5,-0.00133782,0.000110831,-1.5,-0.001491292,7.78E-07,-1.5,-0.001645348,1.80E-06,-1.5,-0.001798381,1.61E-06,-1.5,-0.001943142,7.88E-05,-1.5,-0.002088388,9.88E-07,-1.5,-0.002235362,1.69E-06,-1.5,-0.002379767,1.13E-06,-1.5,-0.002517567,2.23E-05,-1.5,-0.002655562,3.59E-07,-1.5,-0.002793606,7.44E-07,-1.5,-0.002922692,8.56E-07,-1.5,-0.003050634,1.60E-05
-1,-0.000126818,3.34E-06,-1,-0.000264304,5.79E-06,-1,-0.000394129,5.95E-06,-1,-0.000522778,0.001118076,-1,-0.000648925,9.82E-07,-1,-0.000771402,1.45E-06,-1,-0.000893775,7.79E-07,-1,-0.001015898,9.45E-05,-1,-0.001128699,7.89E-07,-1,-0.001243531,1.86E-06,-1,-0.001355831,1.63E-06,-1,-0.001461426,7.51E-05,-1,-0.001566723,6.64E-07,-1,-0.001671577,1.23E-06,-1,-0.00177585,8.06E-07,-1,-0.00187275,1.49E-05,-1,-0.00197096,3.33E-07,-1,-0.002066587,6.77E-07,-1,-0.002156139,8.22E-07,-1,-0.002244155,1.52E-05
-0.5,-8.92E-05,3.35E-06,-0.5,-0.000185175,5.63E-06,-0.5,-0.000275058,5.66E-06,-0.5,-0.000363343,0.001140742,-0.5,-0.000449144,1.15E-06,-0.5,-0.000531666,1.40E-06,-0.5,-0.0006133,6.99E-07,-0.5,-0.0006939,8.08E-05,-0.5,-0.000767528,8.11E-07,-0.5,-0.000841619,1.90E-06,-0.5,-0.000913179,1.88E-06,-0.5,-0.000979599,6.69E-05,-0.5,-0.001044938,5.19E-07,-0.5,-0.001109055,8.94E-07,-0.5,-0.001171796,6.40E-07,-0.5,-0.001228576,1.02E-05,-0.5,-0.001286207,3.54E-07,-0.5,-0.001340196,5.71E-07,-0.5,-0.001390688,7.84E-07,-0.5,-0.001438746,1.03E-05
0,-5.16E-05,3.24E-06,0,-0.000106032,5.55E-06,0,-0.000155943,6.11E-06,0,-0.00020388,0.00113985,0,-0.000249329,1.26E-06,0,-0.000291889,1.29E-06,0,-0.000332778,5.11E-07,0,-0.000371849,6.95E-05,0,-0.000406298,7.86E-07,0,-0.000439642,2.03E-06,0,-0.000470456,1.71E-06,0,-0.000497698,5.80E-05,0,-0.000523074,4.33E-07,0,-0.000546442,5.69E-07,0,-0.000567465,4.96E-07,0,-0.000585255,5.22E-06,0,-0.000601357,3.53E-07,0,-0.000614601,5.39E-07,0,-0.000625132,6.47E-07,0,-0.000633228,4.92E-06
0.5,-1.40E-05,3.39E-06,0.5,-2.68E-05,5.34E-06,0.5,-3.68E-05,6.04E-06,0.5,-4.44E-05,0.00114237,0.5,-4.95E-05,1.32E-06,0.5,-5.21E-05,1.29E-06,0.5,-5.22E-05,6.01E-07,0.5,-4.98E-05,6.30E-05,0.5,-4.50E-05,8.86E-07,0.5,-3.76E-05,2.10E-06,0.5,-2.77E-05,1.74E-06,0.5,-1.58E-05,5.25E-05,0.5,-1.17E-06,4.08E-07,0.5,1.62E-05,4.43E-07,0.5,3.63E-05,5.81E-07,0.5,5.81E-05,3.33E-06,0.5,8.35E-05,3.57E-07,0.5,0.000111041,5.45E-07,0.5,0.000140473,6.87E-07,0.5,0.000172338,2.33E-06
1,2.37E-05,3.23E-06,1,5.20E-05,4.92E-06,1,8.23E-05,6.09E-06,1,0.000115079,0.001137933,1,0.000150343,1.46E-06,1,0.000187712,1.27E-06,1,0.000228321,7.21E-07,1,0.000272315,6.36E-05,1,0.000316228,9.11E-07,1,0.00036438,2.15E-06,1,0.000415063,1.66E-06,1,0.000466186,5.10E-05,1,0.000520738,5.70E-07,1,0.000578866,5.72E-07,1,0.00064012,7.05E-07,1,0.000701472,4.66E-06,1,0.000768428,3.52E-07,1,0.000836675,4.96E-07,1,0.000906067,6.71E-07,1,0.000977892,3.93E-06
1.5,6.13E-05,3.38E-06,1.5,0.000131422,5.55E-06,1.5,0.000201403,6.16E-06,1.5,0.000274552,0.001135606,1.5,0.00035017,1.68E-06,1.5,0.000427501,1.27E-06,1.5,0.000508855,9.58E-07,1.5,0.000594377,7.05E-05,1.5,0.000677469,9.21E-07,1.5,0.000766365,1.98E-06,1.5,0.000857792,1.66E-06,1.5,0.000948091,5.49E-05,1.5,0.001042606,8.84E-07,1.5,0.001141475,9.81E-07,1.5,0.001244849,9.77E-07,1.5,0.001344779,8.66E-06,1.5,0.001453259,4.16E-07,1.5,0.001562245,5.39E-07,1.5,0.001671592,8.25E-07,1.5,0.001783371,8.77E-06
2,9.89E-05,3.33E-06,2,0.000210562,5.14E-06,2,0.000320519,5.65E-06,2,0.000434004,0.001145234,2,0.00054997,1.91E-06,2,0.000667257,1.50E-06,2,0.000789351,1.26E-06,2,0.000916395,8.39E-05,2,0.001038658,1.02E-06,2,0.001168292,1.90E-06,2,0.001300467,1.64E-06,2,0.001429932,6.19E-05,2,0.001564394,1.26E-06,2,0.001703998,1.49E-06,2,0.001848888,1.17E-06,2,0.001990791,1.46E-05,2,0.00213798,4.90E-07,2,0.00228915,6.08E-07,2,0.002437001,9.82E-07,2,0.002588724,1.36E-05
2.5,0.000136509,3.36E-06,2.5,0.000289685,5.24E-06,2.5,0.000439601,5.48E-06,2.5,0.000593423,0.001149797,2.5,0.000749728,2.23E-06,2.5,0.000906962,1.53E-06,2.5,0.001069786,1.51E-06,2.5,0.001238343,0.000100257,2.5,0.001401395,1.07E-06,2.5,0.001570146,1.75E-06,2.5,0.001743035,1.70E-06,2.5,0.001911659,6.88E-05,2.5,0.002086063,1.68E-06,2.5,0.002268138,1.76E-06,2.5,0.002452787,1.56E-06,2.5,0.002634628,2.10E-05,2.5,0.002822538,6.28E-07,2.5,0.003016675,6.99E-07,2.5,0.00320595,1.00E-06,2.5,0.003395765,1.52E-05
3,0.000174108,3.40E-06,3,0.000368786,5.09E-06,3,0.000558621,5.61E-06,3,0.000754693,0.001247829,3,0.000949429,2.33E-06,3,0.001148544,1.62E-06,3,0.001350139,1.79E-06,3,0.001560197,0.000115245,3,0.001764806,1.21E-06,3,0.00197185,1.52E-06,3,0.00218547,1.58E-06,3,0.00239324,7.18E-05,3,0.002607573,2.01E-06,3,0.002832886,2.13E-06,3,0.003056499,1.68E-06,3,0.003278264,2.47E-05,3,0.003511301,8.25E-07,3,0.003742508,7.31E-07,3,0.003971704,9.11E-07,3,0.004203328,1.46E-05
3.5,0.000211694,3.23E-06,3.5,0.000447859,4.81E-06,3.5,0.000677652,5.00E-06,3.5,0.000914401,0.001249781,3.5,0.001149057,2.66E-06,3.5,0.00139082,2.00E-06,3.5,0.00163039,2.16E-06,3.5,0.001881931,0.000130161,3.5,0.002126458,1.27E-06,3.5,0.002378306,1.28E-06,3.5,0.002627739,1.40E-06,3.5,0.002879602,6.79E-05,3.5,0.00313139,2.04E-06,3.5,0.003395673,1.99E-06,3.5,0.003662532,1.34E-06,3.5,0.003924229,2.32E-05,3.5,0.00419618,8.31E-07,3.5,0.004470683,6.81E-07,3.5,0.004737155,6.93E-07,3.5,0.005008681,1.02E-05
4,0.000249264,3.44E-06,4,0.000526898,4.89E-06,4,0.000796604,4.97E-06,4,0.001074039,0.001242517,4,0.001351303,2.73E-06,4,0.001631046,1.92E-06,4,0.00191327,2.33E-06,4,0.002203522,0.000139244,4,0.002487956,1.24E-06,4,0.002780479,1.15E-06,4,0.003075505,1.15E-06,4,0.003361564,5.87E-05,4,0.003655749,2.17E-06,4,0.003958202,1.62E-06,4,0.004269067,1.26E-06,4,0.004570702,2.20E-05,4,0.004883716,8.43E-07,4,0.005199299,6.60E-07,4,0.005508328,5.16E-07,4,0.005819782,5.41E-06
4.5,0.000286815,3.29E-06,4.5,0.000605897,4.60E-06,4.5,0.000915496,4.71E-06,4.5,0.001233595,0.00120572,4.5,0.001554226,2.97E-06,4.5,0.001871147,1.92E-06,4.5,0.002196784,2.49E-06,4.5,0.002528114,0.000130384,4.5,0.002849283,1.12E-06,4.5,0.003182441,9.41E-07,4.5,0.003518122,8.63E-07,4.5,0.003843271,4.41E-05,4.5,0.004177326,1.84E-06,4.5,0.004527052,1.30E-06,4.5,0.004872724,9.37E-07,4.5,0.005214227,1.65E-05,4.5,0.00557166,8.16E-07,4.5,0.005928303,4.89E-07,4.5,0.006277214,4.11E-07,4.5,0.006628549,2.00E-06
5,0.000324345,3.22E-06,5,0.000684952,4.33E-06,5,0.001037757,3.97E-06,5,0.001393058,0.001168967,5,0.001754329,2.97E-06,5,0.002111107,1.92E-06,5,0.002477381,2.57E-06,5,0.002853295,0.000138835,5,0.003217536,1.15E-06,5,0.003587768,7.24E-07,5,0.003960471,5.87E-07,5,0.004331994,2.86E-05,5,0.004705941,1.31E-06,5,0.005089717,8.62E-07,5,0.005483499,5.62E-07,5,0.005864857,1.02E-05,5,0.006259964,6.64E-07,5,0.006657635,4.37E-07,5,0.007046403,4.84E-07,5,0.007437592,1.02E-06
5.5,0.000365629,3.36E-06,5.5,0.000763801,4.12E-06,5.5,0.001156891,3.68E-06,5.5,0.001552414,0.001098212,5.5,0.001954297,3.07E-06,5.5,0.002350905,1.95E-06,5.5,0.002757788,2.28E-06,5.5,0.003175129,0.00011831,5.5,0.00357916,1.11E-06,5.5,0.0039936,6.41E-07,5.5,0.00441056,4.59E-07,5.5,0.004813859,1.45E-05,5.5,0.005227623,9.10E-07,5.5,0.005660215,5.33E-07,5.5,0.00609127,3.52E-07,5.5,0.006512462,4.39E-06,5.5,0.006948569,5.27E-07,5.5,0.007391432,4.13E-07,5.5,0.00782005,5.29E-07,5.5,0.008251124,1.34E-06
6,0.000403496,3.60E-06,6,0.000842718,3.96E-06,6,0.001280154,3.67E-06,6,0.001711652,0.001086607,6,0.002154117,3.27E-06,6,0.002594815,1.81E-06,6,0.003042301,1.94E-06,6,0.003501036,9.57E-05,6,0.003940511,9.88E-07,6,0.004395523,5.23E-07,6,0.004853053,3.73E-07,6,0.005304228,5.30E-06,6,0.005757824,6.11E-07,6,0.006222848,3.71E-07,6,0.006699356,3.41E-07,6,0.007160349,1.79E-06,6,0.007641983,4.28E-07,6,0.008121648,4.01E-07,6,0.008594667,5.39E-07,6,0.009065555,1.56E-06
6.5,0.000441333,3.06E-06,6.5,0.000921508,3.83E-06,6.5,0.001399492,3.36E-06,6.5,0.001875393,0.000890322,6.5,0.002353772,3.05E-06,6.5,0.002839307,1.73E-06,6.5,0.00332736,1.85E-06,6.5,0.003827447,8.62E-05,6.5,0.004311069,8.79E-07,6.5,0.004806666,4.41E-07,6.5,0.005304778,4.24E-07,6.5,0.005786103,9.90E-07,6.5,0.0062795,3.95E-07,6.5,0.00679475,3.11E-07,6.5,0.007312611,4.69E-07,6.5,0.007813394,7.08E-07,6.5,0.008336374,3.40E-07,6.5,0.008856994,4.01E-07,6.5,0.009365233,4.49E-07,6.5,0.009880856,1.15E-06
7,0.000479136,3.04E-06,7,0.001000079,3.86E-06,7,0.001518724,2.91E-06,7,0.002039769,0.000888615,7,0.002558295,2.46E-06,7,0.003079292,1.43E-06,7,0.003607852,1.37E-06,7,0.004149227,6.60E-05,7,0.004672571,6.41E-07,7,0.005208667,4.33E-07,7,0.005747276,4.67E-07,7,0.006277966,1.19E-06,7,0.006811127,3.36E-07,7,0.007367693,4.02E-07,7,0.007921581,5.62E-07,7,0.008467402,7.92E-07,7,0.009026355,3.05E-07,7,0.009587915,3.60E-07,7,0.01014121,3.30E-07,7,0.010696962,5.86E-07
7.5,0.000516903,2.98E-06,7.5,0.001078712,3.45E-06,7.5,0.001637841,2.46E-06,7.5,0.002199358,0.000827075,7.5,0.002763402,2.73E-06,7.5,0.003324504,1.25E-06,7.5,0.003893555,1.06E-06,7.5,0.004476201,4.35E-05,7.5,0.005044783,5.85E-07,7.5,0.005621385,4.06E-07,7.5,0.006200497,6.31E-07,7.5,0.006765307,3.59E-06,7.5,0.007338167,3.44E-07,7.5,0.007935982,4.56E-07,7.5,0.008530725,6.50E-07,7.5,0.009116623,8.83E-07,7.5,0.009722151,3.14E-07,7.5,0.010324587,3.35E-07,7.5,0.010917972,3.14E-07,7.5,0.011513811,3.63E-07
8,0.000560355,3.23E-06,8,0.001157433,3.26E-06,8,0.001756832,2.24E-06,8,0.00235878,0.000754278,8,0.002963251,2.26E-06,8,0.003570238,1.09E-06,8,0.004179818,7.84E-07,8,0.004803609,2.97E-05,8,0.005406323,4.53E-07,8,0.00602334,4.66E-07,8,0.006648833,6.98E-07,8,0.007252975,6.29E-06,8,0.007865423,4.15E-07,8,0.008504442,5.19E-07,8,0.009146062,5.40E-07,8,0.009772015,8.02E-07,8,0.010418813,3.31E-07,8,0.011062027,3.17E-07,8,0.011695456,3.85E-07,8,0.012331337,8.39E-07
8.5,0.000598428,3.31E-06,8.5,0.001241865,3.01E-06,8.5,0.001881855,1.74E-06,8.5,0.002518022,0.000664337,8.5,0.003169089,2.18E-06,8.5,0.003810241,8.94E-07,8.5,0.004460187,6.12E-07,8.5,0.005131431,1.57E-05,8.5,0.005780071,3.50E-07,8.5,0.006437503,4.28E-07,8.5,0.007097438,7.98E-07,8.5,0.007747186,7.44E-06,8.5,0.008399263,4.30E-07,8.5,0.009079461,4.45E-07,8.5,0.009762257,4.44E-07,8.5,0.010428217,6.43E-07,8.5,0.011116198,3.29E-07,8.5,0.011806704,3.39E-07,8.5,0.012480153,4.65E-07,8.5,0.013149477,1.45E-06
9,0.000636456,3.21E-06,9,0.001327148,3.15E-06,9,0.002000958,1.48E-06,9,0.002683649,0.000503801,9,0.003375459,1.87E-06,9,0.00405658,5.98E-07,9,0.004753547,5.11E-07,9,0.005459636,8.53E-06,9,0.006141536,2.99E-07,9,0.006846007,4.67E-07,9,0.007553025,6.38E-07,9,0.008235591,5.94E-06,9,0.008934015,4.16E-07,9,0.00965534,4.16E-07,9,0.01037926,3.48E-07,9,0.01108525,6.63E-07,9,0.011814277,3.50E-07,9,0.012552809,4.08E-07,9,0.013259289,5.27E-07,9,0.01397513,1.41E-06
9.5,0.000674435,3.10E-06,9.5,0.00140619,2.74E-06,9.5,0.002126847,1.33E-06,9.5,0.002849845,0.000411829,9.5,0.003575361,1.52E-06,9.5,0.004303384,5.16E-07,9.5,0.005034006,4.78E-07,9.5,0.005788202,3.87E-06,9.5,0.006516702,3.45E-07,9.5,0.007254763,5.17E-07,9.5,0.008002455,5.70E-07,9.5,0.008731299,4.13E-06,9.5,0.009469636,3.96E-07,9.5,0.010232034,3.49E-07,9.5,0.010997022,3.36E-07,9.5,0.011742919,1.11E-06,9.5,0.012520283,3.56E-07,9.5,0.013292982,4.12E-07,9.5,0.014046291,5.19E-07,9.5,0.014802118,9.57E-07
10,0.000712362,3.07E-06,10,0.001485125,2.62E-06,10,0.002246022,1.05E-06,10,0.003009249,0.00036386,10,0.003782366,1.30E-06,10,0.004550635,4.39E-07,10,0.005328928,5.02E-07,10,0.0061171,3.24E-06,10,0.00688545,3.54E-07,10,0.007671237,4.42E-07,10,0.00845966,4.21E-07,10,0.009220346,2.04E-06,10,0.010006085,3.36E-07,10,0.010809496,3.07E-07,10,0.011615534,4.16E-07,10,0.012408879,1.79E-06,10,0.013219993,3.99E-07,10,0.014033689,4.52E-07,10,0.014834543,4.21E-07,10,0.015630228,4.94E-07
10.5,0.000750236,2.95E-06,10.5,0.001563947,2.42E-06,10.5,0.002365027,8.51E-07,10.5,0.003176162,0.000179681,10.5,0.003989855,1.02E-06,10.5,0.004798312,3.53E-07,10.5,0.005609372,6.42E-07,10.5,0.00645414,4.24E-06,10.5,0.007254445,3.80E-07,10.5,0.008088673,4.06E-07,10.5,0.008909737,3.49E-07,10.5,0.009717395,4.87E-07,10.5,0.010543317,3.09E-07,10.5,0.011387681,3.31E-07,10.5,0.012242631,4.89E-07,10.5,0.013068188,1.81E-06,10.5,0.013928293,3.68E-07,10.5,0.014791023,3.60E-07,10.5,0.015615885,3.44E-07,10.5,0.016459464,4.17E-07
11,0.000788053,3.06E-06,11,0.001642692,2.21E-06,11,0.002491952,6.11E-07,11,0.003343604,0.000126824,11,0.004189666,7.58E-07,11,0.005038225,3.25E-07,11,0.00590578,8.12E-07,11,0.006784014,5.47E-06,11,0.007631904,3.75E-07,11,0.008498771,3.34E-07,11,0.009368271,3.19E-07,11,0.010215247,5.52E-07,11,0.011081291,3.79E-07,11,0.011966543,3.78E-07,11,0.012871246,5.12E-07,11,0.013736458,1.30E-06,11,0.014637846,3.45E-07,11,0.015533396,3.26E-07,11,0.016414644,3.25E-07,11,0.01729827,6.36E-07
11.5,0.000825809,2.66E-06,11.5,0.001729689,1.69E-06,11.5,0.002619455,5.59E-07,11.5,0.003503054,7.60E-05,11.5,0.004397691,5.92E-07,11.5,0.005294867,3.35E-07,11.5,0.006194699,8.17E-07,11.5,0.007114139,7.19E-06,11.5,0.008010323,3.68E-07,11.5,0.00891774,3.19E-07,11.5,0.009827597,3.86E-07,11.5,0.010713862,1.99E-06,11.5,0.01161996,3.81E-07,11.5,0.012554891,4.17E-07,11.5,0.013492326,4.28E-07,11.5,0.014405991,7.05E-07,11.5,0.015339773,3.34E-07,11.5,0.01629392,3.16E-07,11.5,0.017206275,4.02E-07,11.5,0.018129947,7.31E-07
12,0.000863502,2.89E-06,12,0.001808583,1.84E-06,12,0.002738661,4.59E-07,12,0.003671131,3.61E-05,12,0.004606148,5.08E-07,12,0.005543848,3.76E-07,12,0.006483914,9.53E-07,12,0.007453483,8.01E-06,12,0.008380658,3.95E-07,12,0.009337496,3.11E-07,12,0.010287713,4.41E-07,12,0.011222285,3.68E-06,12,0.012159294,4.11E-07,12,0.013144485,4.59E-07,12,0.014123075,3.76E-07,12,0.015067553,3.92E-07,12,0.016060595,3.30E-07,12,0.017046951,3.41E-07,12,0.018008155,4.06E-07,12,0.018971825,6.27E-07
12.5,0.000901131,2.71E-06,12.5,0.001896636,1.75E-06,12.5,0.00285766,3.73E-07,12.5,0.003839695,1.77E-05,12.5,0.004815026,4.17E-07,12.5,0.005793037,4.13E-07,12.5,0.006782754,9.55E-07,12.5,0.007784424,7.03E-06,12.5,0.008760555,3.69E-07,12.5,0.009748637,3.20E-07,12.5,0.010748583,6.31E-07,12.5,0.011722689,4.73E-06,12.5,0.012708836,4.34E-07,12.5,0.013725866,4.16E-07,12.5,0.014755052,3.19E-07,12.5,0.015748634,5.77E-07,12.5,0.016773569,3.67E-07,12.5,0.017800986,4.03E-07,12.5,0.018802096,3.94E-07,12.5,0.019805788,4.23E-07
13,0.000948275,2.64E-06,13,0.001975655,1.65E-06,13,0.002986074,3.79E-07,13,0.003999074,9.57E-06,13,0.0050243,4.18E-07,13,0.006042551,4.58E-07,13,0.007072878,9.00E-07,13,0.008125292,5.85E-06,13,0.009141379,3.53E-07,13,0.010169605,3.53E-07,13,0.011210165,6.67E-07,13,0.012223731,5.26E-06,13,0.013259596,4.62E-07,13,0.014317634,3.62E-07,13,0.015388204,3.24E-07,13,0.016421632,1.21E-06,13,0.01748756,3.66E-07,13,0.018565959,4.14E-07,13,0.019606923,3.36E-07,13,0.020650445,3.52E-07
13.5,0.000986145,2.42E-06,13.5,0.002054448,1.27E-06,13.5,0.003115027,3.90E-07,13.5,0.004168191,8.07E-06,13.5,0.005234103,4.03E-07,13.5,0.006292369,5.21E-07,13.5,0.007363228,9.30E-07,13.5,0.008456933,4.56E-06,13.5,0.009512795,3.56E-07,13.5,0.010601517,3.83E-07,13.5,0.011682636,6.46E-07,13.5,0.012735607,4.20E-06,13.5,0.013801384,4.09E-07,13.5,0.014910606,3.02E-07,13.5,0.016022478,4.05E-07,13.5,0.017095673,1.52E-06,13.5,0.01821287,4.00E-07,13.5,0.019332578,3.63E-07,13.5,0.020413316,3.26E-07,13.5,0.021506933,5.02E-07
14,0.00102394,2.59E-06,14,0.002143461,1.15E-06,14,0.003234107,4.49E-07,14,0.004337754,1.70E-05,14,0.005443983,4.28E-07,14,0.006552945,5.33E-07,14,0.007664278,8.03E-07,14,0.008799215,2.62E-06,14,0.009894782,3.79E-07,14,0.011024344,4.12E-07,14,0.012145915,5.94E-07,14,0.013238188,2.70E-06,14,0.01435429,3.38E-07,14,0.015504734,3.20E-07,14,0.016657823,4.52E-07,14,0.017781478,1.38E-06,14,0.018939846,3.74E-07,14,0.020100779,3.10E-07,14,0.021221208,3.63E-07,14,0.022355025,6.01E-07
14.5,0.001062074,2.35E-06,14.5,0.002222316,1.13E-06,14.5,0.003363723,4.53E-07,14.5,0.00450775,2.78E-05,14.5,0.005654562,4.80E-07,14.5,0.006803695,5.53E-07,14.5,0.007955393,6.52E-07,14.5,0.009142352,1.87E-06,14.5,0.010277541,3.86E-07,14.5,0.011447855,4.08E-07,14.5,0.012620766,5.16E-07,14.5,0.013752309,1.06E-06,14.5,0.014908386,3.22E-07,14.5,0.016099965,3.36E-07,14.5,0.017294183,4.05E-07,14.5,0.018457902,9.32E-07,14.5,0.01965731,3.26E-07,14.5,0.020870495,3.44E-07,14.5,0.022041696,3.59E-07,14.5,0.02321552,5.17E-07
15,0.001110403,2.45E-06,15,0.002312138,1.11E-06,15,0.003493842,5.78E-07,15,0.004678164,4.73E-05,15,0.005865232,5.45E-07,15,0.007054686,6.06E-07,15,0.008257919,5.11E-07,15,0.009486314,1.84E-06,15,0.010672345,4.16E-07,15,0.011872017,4.48E-07,15,0.013085586,4.14E-07,15,0.014267772,4.76E-07,15,0.015463631,3.26E-07,15,0.016696254,3.52E-07,15,0.017943117,3.72E-07,15,0.019146597,4.60E-07,15,0.020387055,3.26E-07,15,0.021641662,3.48E-07,15,0.022852909,3.46E-07,15,0.024066479,3.83E-07
15.5,0.001148335,2.43E-06,15.5,0.002390697,9.28E-07,15.5,0.003624456,6.58E-07,15.5,0.004848982,6.10E-05,15.5,0.006087662,5.60E-07,15.5,0.007317513,5.62E-07,15.5,0.008561335,4.25E-07,15.5,0.009831073,2.85E-06,15.5,0.011056928,4.26E-07,15.5,0.0123085,3.82E-07,15.5,0.01356266,3.40E-07,15.5,0.014784297,7.09E-07,15.5,0.016019972,3.63E-07,15.5,0.01730535,3.80E-07,15.5,0.018593565,3.23E-07,15.5,0.019836868,4.02E-07,15.5,0.021130157,3.50E-07,15.5,0.022426279,3.41E-07,15.5,0.023677194,3.28E-07,15.5,0.024930587,3.42E-07
16,0.001186179,2.49E-06,16,0.002481631,8.23E-07,16,0.003743632,7.78E-07,16,0.005020185,8.37E-05,16,0.006299576,6.14E-07,16,0.007569305,5.38E-07,16,0.008865613,3.65E-07,16,0.010176793,4.29E-06,16,0.011442181,4.66E-07,16,0.012734229,4.01E-07,16,0.014041155,3.24E-07,16,0.015301963,1.72E-06,16,0.016577364,3.92E-07,16,0.017904118,3.68E-07,16,0.019233416,3.20E-07,16,0.020528654,6.87E-07,16,0.021863305,3.76E-07,16,0.023200531,3.33E-07,16,0.02450346,3.49E-07,16,0.025809004,4.13E-07
16.5,0.001223933,2.44E-06,16.5,0.002560528,7.43E-07,16.5,0.003874817,8.58E-07,16.5,0.005191763,9.07E-05,16.5,0.006511545,6.64E-07,16.5,0.007833644,4.63E-07,16.5,0.009158333,3.67E-07,16.5,0.010523058,5.87E-06,16.5,0.011828074,4.84E-07,16.5,0.013172965,3.51E-07,16.5,0.014520652,3.74E-07,16.5,0.015820731,2.36E-06,16.5,0.017148293,3.75E-07,16.5,0.018516088,3.41E-07,16.5,0.019886651,3.34E-07,16.5,0.021221896,1.01E-06,16.5,0.022610185,3.44E-07,16.5,0.023988692,3.49E-07,16.5,0.02533163,3.59E-07,16.5,0.026677078,5.64E-07
17,0.001274215,2.23E-06,17,0.002639229,6.57E-07,17,0.004006462,9.79E-07,17,0.005363697,0.000110044,17,0.006723772,6.50E-07,17,0.008098893,3.94E-07,17,0.009463877,4.04E-07,17,0.010869969,6.83E-06,17,0.012227388,4.35E-07,17,0.013612955,3.35E-07,17,0.014988287,4.28E-07,17,0.016340551,2.96E-06,17,0.017720929,3.91E-07,17,0.019129739,3.37E-07,17,0.020541383,3.51E-07,17,0.021916532,9.73E-07,17,0.023346225,3.42E-07,17,0.024778791,3.25E-07,17,0.026161636,4.04E-07,17,0.027546983,4.03E-07
17.5,0.001312156,2.21E-06,17.5,0.002730682,6.62E-07,17.5,0.004125507,1.14E-06,17.5,0.005535978,0.000108638,17.5,0.006949336,6.16E-07,17.5,0.00835191,4.06E-07,17.5,0.009770206,4.05E-07,17.5,0.011217673,7.25E-06,17.5,0.012614836,4.25E-07,17.5,0.014054166,3.36E-07,17.5,0.015483112,4.74E-07,17.5,0.016874648,2.41E-06,17.5,0.018281935,3.60E-07,17.5,0.01974517,3.02E-07,17.5,0.021210892,4.18E-07,17.5,0.022626049,6.73E-07,17.5,0.024097067,3.08E-07,17.5,0.025570758,3.41E-07,17.5,0.027007036,3.52E-07,17.5,0.028432191,3.39E-07
18,0.001349996,2.21E-06,18,0.002822819,6.13E-07,18,0.004271081,1.14E-06,18,0.005708585,0.000122497,18,0.00717587,6.40E-07,18,0.008618535,3.55E-07,18,0.010077313,5.10E-07,18,0.011579507,6.05E-06,18,0.013016389,3.84E-07,18,0.014483133,3.38E-07,18,0.015965959,5.06E-07,18,0.017396819,1.45E-06,18,0.018857673,3.30E-07,18,0.020361902,3.32E-07,18,0.021868822,4.15E-07,18,0.023337429,4.14E-07,18,0.024849635,3.12E-07,18,0.026364523,3.79E-07,18,0.02784087,3.30E-07,18,0.029319542,3.67E-07
18.5,0.001387734,1.99E-06,18.5,0.002901382,5.68E-07,18.5,0.004390236,1.37E-06,18.5,0.005881507,0.000110034,18.5,0.00738951,5.79E-07,18.5,0.008872133,3.24E-07,18.5,0.010385103,5.32E-07,18.5,0.011928786,4.72E-06,18.5,0.013405254,3.15E-07,18.5,0.014940179,3.77E-07,18.5,0.016449834,4.57E-07,18.5,0.01793392,7.40E-07,18.5,0.01942072,3.26E-07,18.5,0.020980074,3.60E-07,18.5,0.022542161,3.59E-07,18.5,0.024036641,4.03E-07,18.5,0.025604044,3.36E-07,18.5,0.027174299,3.65E-07,18.5,0.028676321,3.34E-07,18.5,0.030209141,4.45E-07
19,0.001425082,2.05E-06,19,0.002993994,6.85E-07,19,0.004537124,1.44E-06,19,0.006068916,0.000100468,19,0.007603065,4.82E-07,19,0.009139816,3.51E-07,19,0.010707879,5.96E-07,19,0.012278413,2.96E-06,19,0.013823211,3.25E-07,19,0.015370368,3.75E-07,19,0.016948833,4.01E-07,19,0.018472632,4.18E-07,19,0.020013109,3.46E-07,19,0.021613988,3.40E-07,19,0.023203047,3.29E-07,19,0.024765742,5.85E-07,19,0.026360225,3.70E-07,19,0.027986217,3.52E-07,19,0.029527735,3.38E-07,19,0.031100905,4.57E-07
19.5,0.001477376,2.10E-06,19.5,0.003087628,4.93E-07,19.5,0.00465661,1.32E-06,19.5,0.00624279,0.000105317,19.5,0.007831907,4.18E-07,19.5,0.009408736,3.38E-07,19.5,0.011017437,5.70E-07,19.5,0.012643719,1.49E-06,19.5,0.014213725,3.27E-07,19.5,0.015830635,4.20E-07,19.5,0.017435219,3.41E-07,19.5,0.019012915,6.29E-07,19.5,0.020593367,3.84E-07,19.5,0.022235312,3.44E-07,19.5,0.023880206,3.52E-07,19.5,0.02546815,7.79E-07,19.5,0.027132993,3.45E-07,19.5,0.028785918,3.17E-07,19.5,0.030396533,3.66E-07,19.5,0.031994797,3.65E-07
20,0.001530019,1.96E-06,20,0.003166551,5.03E-07,20,0.004790382,1.48E-06,20,0.00641693,8.68E-05,20,0.008061368,3.75E-07,20,0.0096782,3.79E-07,20,0.011327913,5.26E-07,20,0.013010054,5.77E-07,20,0.014634746,3.61E-07,20,0.016277341,4.05E-07,20,0.017922282,3.15E-07,20,0.019554967,1.18E-06,20,0.021189943,3.88E-07,20,0.022857832,3.35E-07,20,0.024559018,3.62E-07,20,0.026201804,6.69E-07,20,0.027908383,3.11E-07,20,0.029617447,3.16E-07,20,0.031268074,3.36E-07,20,0.03292149,3.40E-07
20.5,0.001568054,1.87E-06,20.5,0.003245198,5.82E-07,20.5,0.004924531,1.54E-06,20.5,0.006606623,7.38E-05,20.5,0.008291693,3.41E-07,20.5,0.009948405,3.99E-07,20.5,0.011638734,4.58E-07,20.5,0.013362213,4.64E-07,20.5,0.01502676,4.18E-07,20.5,0.016725024,3.90E-07,20.5,0.018425667,3.48E-07,20.5,0.020097974,1.62E-06,20.5,0.021773078,3.51E-07,20.5,0.023512652,3.31E-07,20.5,0.025255219,4.29E-07,20.5,0.026937894,5.61E-07,20.5,0.028685583,3.08E-07,20.5,0.030436247,3.74E-07,20.5,0.032126737,3.27E-07,20.5,0.033819808,3.74E-07
21,0.00160597,1.77E-06,21,0.003354841,5.04E-07,21,0.005074689,1.48E-06,21,0.006781975,6.29E-05,21,0.008507164,3.16E-07,21,0.010219326,4.36E-07,21,0.011950142,4.26E-07,21,0.013746366,1.17E-06,21,0.015450735,4.11E-07,21,0.017189459,3.88E-07,21,0.018930595,3.62E-07,21,0.020642916,1.66E-06,21,0.022357499,3.20E-07,21,0.024138276,3.21E-07,21,0.025922041,3.65E-07,21,0.02767635,3.66E-07,21,0.029465519,3.22E-07,21,0.031257144,3.45E-07,21,0.032987366,3.18E-07,21,0.034752481,3.80E-07
21.5,0.001644697,1.71E-06,21.5,0.00343372,5.22E-07,21.5,0.005193901,1.40E-06,21.5,0.006957194,4.38E-05,21.5,0.008722724,3.17E-07,21.5,0.010491022,4.55E-07,21.5,0.012294329,3.53E-07,21.5,0.014100138,2.56E-06,21.5,0.015844351,4.59E-07,21.5,0.017655522,3.66E-07,21.5,0.019437018,3.97E-07,21.5,0.021188962,1.40E-06,21.5,0.022959407,3.38E-07,21.5,0.024797829,3.38E-07,21.5,0.026622429,3.44E-07,21.5,0.028417099,4.46E-07,21.5,0.030247359,3.50E-07,21.5,0.032080061,3.17E-07,21.5,0.033882813,3.27E-07,21.5,0.035655326,3.74E-07
22,0.001681432,1.71E-06,22,0.003512338,4.89E-07,22,0.005345477,1.30E-06,22,0.007149017,3.27E-05,22,0.008954778,3.50E-07,22,0.010763214,4.88E-07,22,0.012607557,3.39E-07,22,0.014487302,4.08E-06,22,0.016271032,4.50E-07,22,0.018123167,3.40E-07,22,0.019944887,4.68E-07,22,0.02173632,8.07E-07,22,0.023563226,3.31E-07,22,0.025426324,3.47E-07,22,0.027325178,3.24E-07,22,0.029160072,6.75E-07,22,0.031031283,3.39E-07,22,0.032938402,3.16E-07,22,0.034748005,3.22E-07,22,0.036593415,3.40E-07
22.5,0.001719352,1.67E-06,22.5,0.003624126,5.19E-07,22.5,0.005464617,1.27E-06,22.5,0.007341756,2.14E-05,22.5,0.00918761,4.24E-07,22.5,0.011069941,4.96E-07,22.5,0.012921282,3.20E-07,22.5,0.01484255,5.29E-06,22.5,0.016699391,4.66E-07,22.5,0.018592349,3.09E-07,22.5,0.020454332,4.34E-07,22.5,0.02231886,4.38E-07,22.5,0.024151909,3.53E-07,22.5,0.026089815,3.26E-07,22.5,0.028030219,3.35E-07,22.5,0.029905365,6.43E-07,22.5,0.031817214,3.38E-07,22.5,0.033765853,3.23E-07,22.5,0.035649044,3.30E-07,22.5,0.037534544,3.71E-07
23,0.001790497,1.66E-06,23,0.00370293,5.69E-07,23,0.005617557,1.18E-06,23,0.007518261,1.27E-05,23,0.009421198,4.68E-07,23,0.011344384,5.38E-07,23,0.013269887,3.35E-07,23,0.01523258,5.91E-06,23,0.017129388,3.83E-07,23,0.019045748,3.37E-07,23,0.020982384,3.51E-07,23,0.022869414,5.14E-07,23,0.024776668,4.08E-07,23,0.026755678,3.16E-07,23,0.028737511,3.44E-07,23,0.030652695,5.65E-07,23,0.032639967,3.24E-07,23,0.034630322,3.24E-07,23,0.036553177,3.45E-07,23,0.038478922,4.08E-07
23.5,0.001828496,1.54E-06,23.5,0.003816338,5.70E-07,23.5,0.005736579,1.03E-06,23.5,0.007694915,8.82E-06,23.5,0.009655517,5.64E-07,23.5,0.011619232,4.83E-07,23.5,0.013585246,4.15E-07,23.5,0.015589164,5.79E-06,23.5,0.017525748,3.29E-07,23.5,0.019517505,3.28E-07,23.5,0.021512327,3.52E-07,23.5,0.02342112,7.12E-07,23.5,0.025403574,3.61E-07,23.5,0.027423846,3.37E-07,23.5,0.029447008,3.72E-07,23.5,0.03140191,4.12E-07,23.5,0.033430411,3.17E-07,23.5,0.035461988,3.54E-07,23.5,0.037460312,3.35E-07,23.5,0.039425859,3.80E-07
24,0.001866357,1.60E-06,24,0.003895293,5.98E-07,24,0.005890825,1.08E-06,24,0.007889561,6.87E-06,24,0.009890545,6.46E-07,24,0.011894639,4.62E-07,24,0.013918943,4.64E-07,24,0.015982269,4.71E-06,24,0.017958165,3.16E-07,24,0.020009014,3.69E-07,24,0.022026218,3.16E-07,24,0.024010108,1.09E-06,24,0.025996736,3.61E-07,24,0.028094253,3.29E-07,24,0.030158728,3.48E-07,24,0.032171203,4.38E-07,24,0.03425929,3.47E-07,24,0.036331659,3.26E-07,24,0.038370685,3.53E-07,24,0.040393797,3.42E-07
24.5,0.001904479,1.56E-06,24.5,0.003992113,5.97E-07,24.5,0.006046059,8.56E-07,24.5,0.008085042,7.02E-06,24.5,0.010126255,7.07E-07,24.5,0.012188838,4.06E-07,24.5,0.014253732,5.20E-07,24.5,0.016376675,3.08E-06,24.5,0.018392088,3.17E-07,24.5,0.020483735,3.69E-07,24.5,0.022559687,3.26E-07,24.5,0.024582998,1.18E-06,24.5,0.026627645,3.26E-07,24.5,0.028766828,3.47E-07,24.5,0.030872245,3.17E-07,24.5,0.032943068,4.76E-07,24.5,0.03507246,3.61E-07,24.5,0.037204304,3.12E-07,24.5,0.039283501,3.60E-07,24.5,0.041365115,3.31E-07
25,0.001960518,1.24E-06,25,0.004089345,6.10E-07,25,0.006165173,7.38E-07,25,0.008281342,9.71E-06,25,0.010381225,7.16E-07,25,0.012484258,3.73E-07,25,0.014589588,4.90E-07,25,0.016754033,1.76E-06,25,0.018827476,3.48E-07,25,0.020960062,3.72E-07,25,0.023095017,3.73E-07,25,0.025157741,1.08E-06,25,0.027260823,3.29E-07,25,0.029441508,3.70E-07,25,0.031606541,3.33E-07,25,0.033717436,5.74E-07,25,0.035887964,3.29E-07,25,0.038079838,3.40E-07,25,0.040199157,3.36E-07,25,0.042320766,3.72E-07
25.5,0.002016778,1.29E-06,25.5,0.004168105,6.71E-07,25.5,0.006321626,6.57E-07,25.5,0.00847844,1.49E-05,25.5,0.010618595,7.63E-07,25.5,0.012761894,3.47E-07,25.5,0.014926473,5.46E-07,25.5,0.017132255,8.67E-07,25.5,0.019264285,3.51E-07,25.5,0.021437497,3.61E-07,25.5,0.023632157,4.03E-07,25.5,0.025753502,6.75E-07,25.5,0.027896203,3.39E-07,25.5,0.030118555,3.32E-07,25.5,0.032343419,3.41E-07,25.5,0.034494494,5.29E-07,25.5,0.036724964,3.44E-07,25.5,0.038958442,3.34E-07,25.5,0.041136684,3.13E-07,25.5,0.04331769,3.90E-07
26,0.002055183,1.19E-06,26,0.00428501,6.68E-07,26,0.006479018,5.81E-07,26,0.008657032,1.91E-05,26,0.010875882,7.25E-07,26,0.01305931,3.37E-07,26,0.015283707,5.25E-07,26,0.017530682,6.66E-07,26,0.019702467,4.15E-07,26,0.021935566,3.49E-07,26,0.024171045,4.23E-07,26,0.026331787,4.47E-07,26,0.028533718,3.49E-07,26,0.03079727,3.30E-07,26,0.033082802,3.74E-07,26,0.035293287,4.12E-07,26,0.037564843,3.62E-07,26,0.039859198,3.35E-07,26,0.042077459,3.27E-07,26,0.04429861,3.37E-07
26.5,0.002093689,1.27E-06,26.5,0.004363833,5.94E-07,26.5,0.00661772,4.39E-07,26.5,0.008855306,2.57E-05,26.5,0.011114805,7.28E-07,26.5,0.013357852,3.19E-07,26.5,0.0156229,4.69E-07,26.5,0.017930472,1.10E-06,26.5,0.020161734,4.42E-07,26.5,0.022435118,3.33E-07,26.5,0.024711629,3.47E-07,26.5,0.026931051,4.77E-07,26.5,0.029173301,3.70E-07,26.5,0.031497352,3.35E-07,26.5,0.03382435,3.64E-07,26.5,0.036094585,4.02E-07,26.5,0.038427113,3.56E-07,26.5,0.040762818,3.32E-07,26.5,0.043021038,3.26E-07,26.5,0.045302262,3.15E-07
27,0.002151281,1.03E-06,27,0.004462263,6.88E-07,27,0.006756913,4.24E-07,27,0.009054317,3.22E-05,27,0.011354292,6.98E-07,27,0.013657494,3.33E-07,27,0.015963017,4.36E-07,27,0.018331979,1.97E-06,27,0.020602882,4.24E-07,27,0.022937249,3.28E-07,27,0.025274009,3.51E-07,27,0.027533244,6.58E-07,27,0.029835092,3.73E-07,27,0.032200395,3.35E-07,27,0.034589026,3.37E-07,27,0.036899132,4.79E-07,27,0.039273189,3.50E-07,27,0.041670032,3.35E-07,27,0.043988719,3.28E-07,27,0.046309722,3.42E-07
27.5,0.002188265,1.07E-06,27.5,0.004561055,6.10E-07,27.5,0.006916031,4.10E-07,27.5,0.009254044,3.78E-05,27.5,0.011614683,6.28E-07,27.5,0.013958202,3.71E-07,27.5,0.016324436,3.38E-07,27.5,0.018734767,2.76E-06,27.5,0.021065726,4.06E-07,27.5,0.023440759,3.30E-07,27.5,0.025818167,3.58E-07,27.5,0.028137173,9.11E-07,27.5,0.030478967,3.37E-07,27.5,0.032906153,3.44E-07,27.5,0.035335814,3.31E-07,27.5,0.037706856,5.42E-07,27.5,0.04014218,3.19E-07,27.5,0.042580755,3.37E-07,27.5,0.044939008,3.45E-07,27.5,0.047321036,3.62E-07
28,0.00224726,1.09E-06,28,0.004660201,6.68E-07,28,0.007056253,3.53E-07,28,0.009454464,4.24E-05,28,0.011856079,5.43E-07,28,0.014259945,3.70E-07,28,0.016667112,3.49E-07,28,0.019138922,3.62E-06,28,0.0215309,3.67E-07,28,0.023945977,3.49E-07,28,0.026385133,3.21E-07,28,0.028743147,1.01E-06,28,0.031146027,3.20E-07,28,0.033635137,3.82E-07,28,0.036106155,3.25E-07,28,0.038517345,4.84E-07,28,0.041014799,3.27E-07,28,0.043494563,3.34E-07,28,0.045913597,3.42E-07,28,0.048335763,3.44E-07
28.5,0.002285355,1.09E-06,28.5,0.00478067,5.81E-07,28.5,0.007217043,3.58E-07,28.5,0.009655555,4.48E-05,28.5,0.012118521,4.68E-07,28.5,0.014562685,4.15E-07,28.5,0.017031251,3.48E-07,28.5,0.019565532,3.78E-06,28.5,0.02197632,3.48E-07,28.5,0.024474024,3.54E-07,28.5,0.026953837,3.53E-07,28.5,0.029372326,7.48E-07,28.5,0.031815167,3.39E-07,28.5,0.034345369,3.56E-07,28.5,0.036878897,3.48E-07,28.5,0.039350917,3.81E-07,28.5,0.041890141,3.69E-07,28.5,0.044431828,3.11E-07,28.5,0.046912628,3.46E-07,28.5,0.049395746,3.53E-07
29,0.002344364,9.99E-07,29,0.0048595,6.65E-07,29,0.00737867,3.70E-07,29,0.009857295,4.45E-05,29,0.01238212,3.78E-07,29,0.014866396,4.17E-07,29,0.017396864,3.76E-07,29,0.019972636,3.05E-06,29,0.022444333,3.20E-07,29,0.024982835,3.81E-07,29,0.02752464,3.93E-07,29,0.029982693,5.44E-07,29,0.032486725,3.50E-07,29,0.035080095,3.50E-07,29,0.037654361,3.36E-07,29,0.040166916,3.87E-07,29,0.042768514,3.58E-07,29,0.045373476,3.33E-07,29,0.047893948,3.39E-07,29,0.050417578,3.49E-07
29.5,0.002382243,8.97E-07,29.5,0.00498131,6.48E-07,29.5,0.007519414,4.10E-07,29.5,0.010059664,4.42E-05,29.5,0.012625095,3.61E-07,29.5,0.015192814,4.07E-07,29.5,0.017763908,4.27E-07,29.5,0.020380975,2.25E-06,29.5,0.022914084,3.38E-07,29.5,0.025493188,3.47E-07,29.5,0.028097479,3.98E-07,29.5,0.030616518,4.22E-07,29.5,0.033160628,3.50E-07,29.5,0.035794869,3.29E-07,29.5,0.038454451,3.58E-07,29.5,0.041028503,4.78E-07,29.5,0.043671857,3.53E-07,29.5,0.046317682,3.24E-07,29.5,0.048900578,3.29E-07,29.5,0.051485803,3.75E-07
30,0.002418737,8.96E-07,30,0.00506008,6.47E-07,30,0.007660075,4.34E-07,30,0.010284706,4.46E-05,30,0.012912663,3.40E-07,30,0.015498704,4.00E-07,30,0.018132344,4.21E-07,30,0.020813186,1.32E-06,30,0.023407705,3.60E-07,30,0.026027729,3.45E-07,30,0.028694528,3.81E-07,30,0.031253435,5.19E-07,30,0.03385958,3.60E-07,30,0.03653489,3.25E-07,30,0.039258259,3.26E-07,30,0.041850073,4.85E-07,30,0.04457919,3.42E-07,30,0.047266565,3.42E-07,30,0.049911475,3.42E-07,30,0.05255966,3.40E-07
